0,7/1/2017 0:00,2230.51,2249.63,2225.0,2230.82,6184.27,2230.82,2230.82,50.0,50.0,0.0,0.0,H
1,7/1/2017 2:00,2231.03,2236.79,2208.95,2210.0,6188.33,2220.41,2220.41,0.0,0.0,0.0,0.0,H
2,7/1/2017 4:00,2210.0,2231.92,2210.0,2231.92,5963.33,2224.25,2224.25,51.29,51.29,0.0,0.0,H
3,7/1/2017 6:00,2231.92,2255.08,2212.33,2255.08,14192.48,2231.96,2231.96,100.0,68.41,0.0,0.0,H
4,7/1/2017 8:00,2255.08,2267.45,2225.42,2241.12,11373.5,2233.79,2233.79,62.39,56.45,0.0,0.0,H
5,7/1/2017 10:00,2232.97,2258.47,2230.97,2236.97,4133.3,2234.32,2234.32,0.0,53.66,0.0,0.0,H
6,7/1/2017 12:00,2236.97,2253.0,2218.11,2218.11,10532.84,2232.0,2232.0,0.0,43.82,0.0,0.0,H
7,7/1/2017 14:00,2217.0,2236.61,2210.0,2221.0,4888.54,2230.63,2230.63,13.29,45.36,0.0,0.0,H
8,7/1/2017 16:00,2221.0,2235.2,2200.0,2203.18,12760.02,2227.58,2227.58,13.95,38.82,0.0,0.0,H
9,7/1/2017 18:00,2203.18,2220.0,2185.0,2212.0,10403.94,2226.02,2226.02,33.11,42.89,0.0,0.0,H
10,7/1/2017 20:00,2212.0,2214.0,2170.85,2196.09,17015.99,2222.55,2223.3,35.67,38.29,0.0,0.0,H
11,7/1/2017 22:00,2196.09,2205.71,2171.09,2199.37,9572.72,2221.48,2221.3,17.09,39.63,0.0,0.0,H
12,7/2/2017 0:00,2199.37,2199.37,2135.01,2166.62,11218.07,2214.95,2217.1,9.1,32.59,0.0,0.0,H
13,7/2/2017 2:00,2166.62,2166.62,2133.66,2162.76,7859.9,2205.72,2213.22,0.0,31.92,0.0,0.0,B
14,7/2/2017 4:00,2162.76,2203.21,2162.76,2187.79,5040.15,2200.39,2211.52,86.64,39.91,0.0,0.0,H
15,7/2/2017 6:00,2197.24,2202.98,2181.0,2184.98,9816.19,2195.19,2209.86,89.91,43.59,0.0,0.0,H
16,7/2/2017 8:00,2191.0,2227.23,2186.16,2194.51,5722.54,2192.83,2208.96,77.23,39.77,0.0,0.0,H
17,7/2/2017 10:00,2205.5,2220.25,2184.25,2189.3,9600.17,2189.66,2207.87,64.65,30.05,0.0,0.0,H
18,7/2/2017 12:00,2189.3,2207.55,2184.25,2191.54,5682.71,2188.5,2207.01,30.07,33.81,0.0,0.0,B
19,7/2/2017 14:00,2191.54,2208.0,2186.31,2200.0,19816.08,2187.3,2206.66,100.0,38.26,74.76,4.42,B
20,7/2/2017 16:00,2214.9,2236.97,2201.82,2236.97,8861.45,2191.38,2208.1,100.0,55.37,53.07,4.49,H
21,7/2/2017 18:00,2236.97,2238.0,2220.0,2223.6,8001.45,2193.81,2208.81,73.44,50.7,74.25,4.53,H
22,7/2/2017 20:00,2223.6,2249.86,2220.0,2239.43,11060.14,2201.09,2210.14,54.21,59.85,96.21,4.61,H
23,7/2/2017 22:00,2240.56,2254.24,2231.09,2248.89,4408.71,2209.7,2211.75,100.0,59.99,83.56,4.51,H
24,7/3/2017 0:00,2248.89,2248.89,2242.12,2247.08,431.63,2215.63,2213.17,83.94,64.94,78.57,4.59,H
25,7/3/2017 2:00,2247.08,2247.08,2244.0,2244.01,207.29,2221.53,2214.35,0.0,63.1,59.44,4.67,H
26,7/3/2017 4:00,2244.01,2245.0,2214.74,2224.73,5282.2,2224.56,2214.74,0.0,68.51,61.84,4.71,H
27,7/3/2017 6:00,2224.73,2248.99,2216.61,2225.0,7032.18,2228.12,2215.1,1.38,70.29,44.53,4.73,H
28,7/3/2017 8:00,2232.56,2232.56,2204.0,2214.9,6090.57,2230.46,2215.1,2.6,59.79,52.42,4.72,B
29,7/3/2017 10:00,2214.9,2246.79,2208.38,2220.0,11463.48,2232.46,2215.26,33.55,62.44,36.84,4.74,B
30,7/3/2017 12:00,2220.0,2275.0,2220.0,2255.19,16345.52,2234.28,2216.55,100.0,68.24,37.91,5.03,H
31,7/3/2017 14:00,2255.19,2280.84,2251.05,2267.17,13344.91,2238.64,2218.13,100.0,72.49,8.86,5.44,S
32,7/3/2017 16:00,2267.17,2285.96,2250.0,2255.0,4189.12,2240.2,2219.25,49.61,67.33,0.01,5.21,H
33,7/3/2017 18:00,2255.0,2265.19,2240.1,2256.22,3466.27,2240.93,2220.33,9.11,65.99,14.67,4.77,H
34,7/3/2017 20:00,2256.22,2275.0,2247.31,2275.0,2292.7,2243.72,2221.9,100.0,62.06,8.95,4.88,H
35,7/3/2017 22:00,2275.0,2285.8,2244.84,2244.84,9236.66,2243.8,2222.53,38.37,56.09,12.25,4.53,H
36,7/4/2017 0:00,2244.84,2275.43,2242.57,2242.58,353.97,2245.59,2223.07,0.0,50.98,1.68,4.24,H
37,7/4/2017 2:00,2242.58,2299.91,2242.58,2299.91,1725.29,2253.08,2225.1,96.21,62.22,1.5,4.52,S
38,7/4/2017 4:00,2299.91,2317.5,2299.91,2314.23,4494.27,2263.01,2227.38,100.0,65.18,7.58,4.9,S
39,7/4/2017 6:00,2314.23,2320.0,2302.68,2320.0,14848.12,2273.01,2229.7,100.0,66.97,36.77,5.29,H
40,7/4/2017 8:00,2320.0,2320.0,2303.0,2318.96,11967.85,2279.39,2231.87,84.73,72.91,24.81,5.85,H
41,7/4/2017 10:00,2318.96,2318.96,2303.37,2310.11,9158.5,2283.68,2233.74,0.0,69.86,34.05,6.02,H
42,7/4/2017 12:00,2310.11,2330.5,2307.94,2330.5,20912.13,2291.24,2235.99,69.73,75.74,38.62,6.53,S
43,7/4/2017 14:00,2330.5,2332.3,2302.42,2313.4,15618.74,2296.95,2237.75,54.39,69.74,35.7,6.74,H
44,7/4/2017 16:00,2313.4,2319.56,2276.89,2309.37,11733.73,2300.39,2239.34,0.0,63.19,31.96,6.84,H
45,7/4/2017 18:00,2284.37,2320.18,2284.37,2290.3,9025.49,2304.94,2240.45,0.0,55.44,17.75,6.77,H
46,7/4/2017 20:00,2290.3,2316.62,2289.56,2315.02,4140.7,2312.18,2242.03,56.45,63.34,14.21,6.61,H
47,7/4/2017 22:00,2315.02,2320.67,2315.02,2320.67,2685.01,2314.26,2243.67,100.0,64.04,2.89,6.39,H
48,7/5/2017 0:00,2320.67,2324.0,2299.29,2299.33,7245.75,2312.77,2244.81,20.93,55.24,-1.71,5.74,H
49,7/5/2017 2:00,2299.33,2303.74,2294.51,2294.52,2963.81,2310.22,2245.8,0.0,62.02,18.25,5.01,H
50,7/5/2017 4:00,2305.05,2305.14,2285.07,2288.67,9858.3,2307.19,2246.64,0.0,60.96,26.16,4.78,H
51,7/5/2017 6:00,2288.67,2297.25,2265.06,2265.23,11793.24,2302.7,2247.0,0.0,40.17,15.26,4.79,H
52,7/5/2017 8:00,2265.23,2304.18,2265.23,2298.38,12024.64,2299.49,2247.97,58.58,45.94,12.34,4.53,H
53,7/5/2017 10:00,2298.38,2301.38,2282.66,2297.93,5842.36,2297.94,2248.89,98.66,44.19,26.9,4.23,H
54,7/5/2017 12:00,2297.93,2303.5,2279.93,2297.43,7234.8,2296.75,2249.78,0.0,44.31,-6.63,4.13,H
55,7/5/2017 14:00,2297.43,2309.0,2290.61,2308.84,12549.34,2298.6,2250.83,95.8,49.67,-23.49,3.5,H
56,7/5/2017 16:00,2303.0,2323.98,2303.0,2310.03,5157.03,2298.1,2251.87,100.0,44.07,41.03,2.53,H
57,7/5/2017 18:00,2310.03,2322.0,2310.0,2320.72,7556.02,2298.11,2253.06,100.0,52.2,63.48,2.59,H
58,7/5/2017 20:00,2320.72,2324.0,2301.71,2311.5,7726.12,2299.32,2254.05,53.69,50.62,73.47,2.58,H
59,7/5/2017 22:00,2311.5,2320.0,2306.29,2314.88,1501.64,2301.36,2255.06,26.83,57.89,72.47,2.54,H
60,7/6/2017 0:00,2314.88,2315.0,2310.22,2315.0,2856.92,2303.99,2256.04,100.0,49.99,57.8,2.51,H
61,7/6/2017 2:00,2315.0,2320.0,2311.68,2317.98,93.52,2309.27,2257.04,100.0,48.95,91.62,2.55,H
62,7/6/2017 4:00,2317.98,2317.98,2310.22,2310.22,1545.24,2310.45,2257.89,27.75,54.74,65.49,2.36,H
63,7/6/2017 6:00,2310.22,2319.52,2307.55,2307.55,7845.87,2311.42,2258.66,0.0,55.78,58.7,2.34,H
64,7/6/2017 8:00,2307.55,2319.5,2300.0,2316.96,12616.08,2313.37,2259.56,77.9,62.16,23.11,2.38,H
65,7/6/2017 10:00,2316.96,2317.14,2303.49,2306.31,5499.63,2313.12,2260.27,46.91,69.83,67.26,2.3,H
66,7/6/2017 12:00,2306.31,2314.99,2302.5,2314.0,2784.31,2313.51,2261.07,41.93,60.0,78.07,2.3,H
67,7/6/2017 14:00,2314.0,2314.0,2303.06,2303.06,4153.68,2311.75,2261.69,41.28,52.89,39.05,2.22,H
68,7/6/2017 16:00,2303.06,2315.0,2300.5,2301.82,5637.15,2310.78,2262.27,0.0,52.46,29.31,2.21,H
69,7/6/2017 18:00,2301.82,2314.99,2301.09,2314.0,1664.45,2310.69,2263.01,90.76,52.86,15.63,2.19,H
70,7/6/2017 20:00,2304.16,2314.0,2303.0,2314.0,3818.8,2310.59,2263.73,100.0,52.23,-37.27,2.09,H
71,7/6/2017 22:00,2314.0,2323.0,2307.05,2323.0,6312.79,2311.09,2264.55,100.0,51.31,10.67,1.3,H
72,7/7/2017 0:00,2323.0,2324.0,2310.0,2318.14,2319.05,2311.88,2265.28,64.94,54.01,3.77,1.24,H
73,7/7/2017 2:00,2318.14,2318.14,2303.0,2309.34,2753.99,2312.06,2265.88,0.0,46.86,-5.29,1.12,H
74,7/7/2017 4:00,2309.34,2309.34,2299.0,2309.34,890.59,2311.3,2266.46,0.0,46.79,34.31,0.96,H
75,7/7/2017 6:00,2309.34,2309.34,2269.42,2269.42,6367.25,2307.61,2266.5,0.0,30.59,49.25,1.92,H
76,7/7/2017 8:00,2269.42,2284.02,2258.77,2269.28,7975.88,2303.14,2266.53,0.0,32.58,71.5,2.5,H
77,7/7/2017 10:00,2269.28,2295.44,2262.0,2272.93,36871.28,2300.13,2266.62,96.31,35.39,58.63,2.79,H
78,7/7/2017 12:00,2272.93,2272.93,2224.38,2233.0,22486.64,2293.24,2266.19,8.38,21.83,64.09,3.97,H
79,7/7/2017 14:00,2240.85,2260.0,2233.0,2250.0,8579.53,2286.84,2265.99,29.86,31.88,65.99,4.42,H
80,7/7/2017 16:00,2250.0,2252.0,2235.87,2249.75,9066.45,2280.42,2265.79,98.55,28.28,70.58,4.76,H
81,7/7/2017 18:00,2249.75,2251.07,2228.81,2228.83,4198.99,2271.0,2265.34,0.0,26.49,65.7,5.33,H
82,7/7/2017 20:00,2228.83,2238.11,2228.83,2235.5,3592.62,2262.74,2264.98,24.18,29.7,65.54,5.69,H
83,7/7/2017 22:00,2235.5,2240.27,2216.48,2227.81,6730.75,2254.59,2264.54,46.45,22.87,74.19,6.09,H
84,7/8/2017 0:00,2227.81,2240.21,2205.01,2230.38,15780.3,2246.69,2264.13,25.05,24.1,69.11,6.27,H
85,7/8/2017 2:00,2215.89,2229.0,2209.89,2217.77,2015.55,2241.52,2263.59,16.93,18.11,76.21,6.61,H
86,7/8/2017 4:00,2217.77,2232.86,2217.01,2232.86,2077.75,2237.88,2263.24,54.48,25.67,71.7,6.61,H
87,7/8/2017 6:00,2232.86,2232.86,2199.99,2199.99,7592.14,2230.59,2262.52,31.46,22.57,72.9,7.03,H
88,7/8/2017 8:00,2199.94,2241.7,2199.94,2230.0,6202.16,2230.29,2262.16,47.73,32.7,82.99,7.0,H
89,7/8/2017 10:00,2230.0,2241.7,2226.0,2235.0,3490.9,2228.79,2261.85,100.0,41.15,86.96,6.73,H
90,7/8/2017 12:00,2235.0,2257.7,2235.0,2252.0,2390.35,2229.01,2261.75,100.0,45.91,97.9,6.32,H
91,7/8/2017 14:00,2252.0,2261.36,2235.5,2242.81,7938.15,2230.41,2261.54,64.91,43.05,102.91,5.66,H
92,7/8/2017 16:00,2242.81,2267.45,2236.0,2259.85,2488.28,2232.85,2261.52,64.96,56.92,105.4,4.94,H
93,7/8/2017 18:00,2259.85,2263.5,2235.5,2253.5,3373.38,2235.42,2261.44,72.85,50.95,117.64,4.24,H
94,7/8/2017 20:00,2253.5,2263.5,2228.28,2228.28,2129.91,2235.21,2261.09,0.0,44.84,88.32,3.32,H
95,7/8/2017 22:00,2228.28,2281.71,2228.28,2281.71,3641.76,2241.6,2261.3,67.93,60.98,85.11,3.52,H
96,7/9/2017 0:00,2281.71,2284.94,2277.02,2282.03,1536.83,2246.52,2261.52,100.0,59.93,86.84,3.72,H
97,7/9/2017 2:00,2282.03,2282.03,2267.31,2267.31,2886.63,2253.25,2261.58,2.13,58.18,39.1,3.65,H
98,7/9/2017 4:00,2267.31,2275.0,2267.31,2274.94,190.11,2257.74,2261.71,34.14,59.04,56.92,3.85,H
99,7/9/2017 6:00,2274.94,2276.37,2258.81,2276.37,788.56,2261.88,2261.86,100.0,62.45,54.85,4.06,H
100,7/9/2017 8:00,2276.37,2276.37,2251.04,2260.96,2246.35,2262.78,2261.85,8.49,55.96,31.46,4.1,H
101,7/9/2017 10:00,2260.0,2279.09,2222.97,2273.67,10167.75,2265.86,2261.96,45.2,67.1,36.52,4.17,H
102,7/9/2017 12:00,2273.67,2273.67,2250.03,2265.81,4706.19,2266.46,2262.0,61.79,59.26,26.83,4.19,H
103,7/9/2017 14:00,2265.81,2271.83,2260.0,2271.83,2926.34,2268.29,2262.1,43.37,59.48,27.13,4.17,H
104,7/9/2017 16:00,2271.83,2272.6,2262.36,2272.0,795.6,2272.66,2262.19,100.0,55.63,11.22,4.14,H
105,7/9/2017 18:00,2272.0,2272.0,2250.37,2254.0,2622.09,2269.89,2262.11,0.94,53.0,23.64,3.85,H
106,7/9/2017 20:00,2253.0,2256.0,2241.9,2247.0,2547.75,2266.39,2261.97,0.0,46.36,-16.76,3.75,H
107,7/9/2017 22:00,2256.0,2261.0,2232.0,2240.0,5697.89,2263.66,2261.77,0.0,46.18,8.18,3.01,H
108,7/10/2017 0:00,2240.0,2248.61,2222.97,2222.97,3656.74,2258.46,2261.41,0.0,48.43,17.35,3.13,H
109,7/10/2017 2:00,2222.97,2228.04,2222.97,2228.04,2315.96,2253.63,2261.11,22.94,27.71,42.11,3.23,H
110,7/10/2017 4:00,2228.04,2230.7,2219.6,2219.6,3270.22,2249.49,2260.74,37.53,25.71,33.43,3.56,H
111,7/10/2017 6:00,2219.6,2248.81,2219.6,2240.51,6411.21,2246.18,2260.55,71.24,40.05,54.74,3.58,H
112,7/10/2017 8:00,2240.51,2240.51,2224.73,2234.94,7571.93,2243.09,2260.33,78.97,34.92,48.46,3.67,H
113,7/10/2017 10:00,2234.94,2235.58,2217.92,2217.92,10004.31,2237.7,2259.96,0.0,30.28,22.28,3.96,H
114,7/10/2017 12:00,2217.92,2226.28,2192.74,2192.74,29212.17,2229.77,2259.37,0.0,28.41,79.84,4.54,H
115,7/10/2017 14:00,2192.74,2192.74,2131.2,2133.0,26797.24,2217.67,2258.28,0.0,15.69,76.72,6.38,H
116,7/10/2017 16:00,2133.0,2179.44,2116.05,2153.76,18923.86,2208.35,2257.39,25.79,24.29,68.79,7.12,H
117,7/10/2017 18:00,2153.76,2156.44,2130.83,2147.8,8662.23,2199.13,2256.46,77.69,21.53,74.82,7.86,H
118,7/10/2017 20:00,2147.8,2147.8,2090.15,2095.19,12815.43,2186.35,2255.1,0.0,17.29,75.89,9.38,H
119,7/10/2017 22:00,2095.19,2109.94,2012.2,2075.97,20713.07,2171.14,2253.61,0.0,17.21,70.28,10.83,H
120,7/11/2017 0:00,2094.5,2122.25,2067.83,2098.33,20883.45,2159.02,2252.33,53.78,24.09,77.18,11.59,H
121,7/11/2017 2:00,2098.33,2102.7,2047.7,2047.7,6113.68,2139.74,2250.65,30.63,20.91,75.81,12.87,H
122,7/11/2017 4:00,2047.7,2079.5,2025.78,2065.2,11576.27,2122.76,2249.14,25.69,26.17,80.1,13.53,H
123,7/11/2017 6:00,2065.2,2088.17,2031.38,2057.61,54175.73,2106.73,2247.6,69.75,24.45,82.92,13.95,H
124,7/11/2017 8:00,2057.61,2095.0,2057.61,2077.0,16774.71,2095.16,2246.23,71.87,29.3,80.59,13.84,H
125,7/11/2017 10:00,2077.0,2100.0,2077.0,2086.61,15014.78,2090.52,2244.97,100.0,26.9,81.66,13.62,H
126,7/11/2017 12:00,2086.61,2120.94,2086.53,2094.83,34789.64,2084.62,2243.79,100.0,29.14,82.89,13.25,H
127,7/11/2017 14:00,2094.83,2104.57,2073.0,2079.18,10303.77,2077.76,2242.5,34.44,29.26,80.62,12.91,H
128,7/11/2017 16:00,2079.18,2097.95,2073.0,2088.55,6099.42,2077.1,2241.31,37.45,33.65,86.01,12.55,H
129,7/11/2017 18:00,2088.55,2094.1,2045.0,2045.0,15240.24,2074.0,2239.8,17.71,35.45,87.04,12.34,H
130,7/11/2017 20:00,2045.0,2086.03,2040.0,2070.32,5913.4,2071.2,2238.5,36.76,36.41,100.33,11.78,H
131,7/11/2017 22:00,2070.32,2081.65,2040.0,2040.0,6638.32,2070.43,2237.0,45.51,33.73,107.01,10.82,B
132,7/12/2017 0:00,2040.0,2045.22,2000.0,2004.89,6195.12,2064.4,2235.25,0.0,35.61,109.34,10.01,B
133,7/12/2017 2:00,2004.89,2026.17,1987.91,2019.76,3801.39,2060.61,2233.64,29.75,40.92,109.3,8.83,B
134,7/12/2017 4:00,2019.76,2068.45,2019.0,2048.4,8995.68,2057.75,2232.27,100.0,42.09,86.52,7.46,B
135,7/12/2017 6:00,2048.4,2050.0,2039.03,2050.0,13180.09,2054.09,2230.93,100.0,50.43,105.44,7.09,B
136,7/12/2017 8:00,2050.0,2090.72,2043.28,2083.78,23644.2,2052.99,2229.86,100.0,53.28,112.64,6.1,H
137,7/12/2017 10:00,2083.78,2110.67,2075.06,2108.0,9585.3,2055.87,2228.98,100.0,58.41,76.04,5.27,H
138,7/12/2017 12:00,2103.55,2107.99,2086.39,2093.64,11109.4,2056.38,2228.0,62.78,52.82,58.5,5.26,H
139,7/12/2017 14:00,2087.45,2110.0,2087.45,2109.0,22056.16,2062.78,2227.15,51.68,53.73,76.07,5.55,H
140,7/12/2017 16:00,2109.0,2130.0,2103.01,2130.0,19539.32,2068.75,2226.46,100.0,55.62,32.16,6.03,H
141,7/12/2017 18:00,2130.0,2138.93,2115.98,2130.41,12698.43,2077.79,2225.79,100.0,58.6,43.35,6.46,H
142,7/12/2017 20:00,2130.41,2138.93,2091.12,2106.45,8706.16,2087.94,2224.95,1.68,52.86,36.43,6.59,H
143,7/12/2017 22:00,2106.45,2115.0,2103.71,2115.0,3215.55,2097.47,2224.19,26.3,62.61,48.54,6.72,H
144,7/13/2017 0:00,2115.0,2134.06,2113.14,2134.06,1720.8,2106.03,2223.57,100.0,61.75,53.18,7.12,H
145,7/13/2017 2:00,2134.06,2140.07,2125.29,2135.5,2633.75,2114.58,2222.96,100.0,69.7,56.74,7.47,S
146,7/13/2017 4:00,2135.5,2148.58,2107.38,2114.18,6908.51,2117.62,2222.22,6.33,73.91,46.12,7.57,H
147,7/13/2017 6:00,2114.18,2123.65,2093.88,2109.88,11161.65,2117.81,2221.46,0.0,70.67,51.07,7.63,H
148,7/13/2017 8:00,2109.88,2121.0,2108.53,2110.43,7740.8,2119.49,2220.72,11.34,66.33,23.26,7.69,H
149,7/13/2017 10:00,2110.43,2120.91,2104.5,2120.91,7175.56,2120.68,2220.05,100.0,67.84,36.43,7.54,H
150,7/13/2017 12:00,2120.91,2123.0,2105.19,2111.22,8775.24,2118.8,2219.33,51.96,57.85,15.83,7.52,H
151,7/13/2017 14:00,2105.0,2122.99,2093.4,2093.4,10070.48,2115.1,2218.5,0.0,45.66,-11.44,7.11,H
152,7/13/2017 16:00,2093.4,2111.47,2077.94,2079.88,8200.04,2112.45,2217.6,0.0,45.89,-15.37,5.86,H
153,7/13/2017 18:00,2079.88,2090.0,2075.42,2080.63,4844.0,2109.01,2216.71,5.26,40.72,-5.23,4.72,H
154,7/13/2017 20:00,2080.63,2085.1,2070.91,2084.89,3496.26,2104.09,2215.86,100.0,33.43,-13.35,4.13,H
155,7/13/2017 22:00,2084.89,2108.89,2077.72,2103.0,3122.01,2100.84,2215.14,100.0,41.09,15.76,3.32,H
156,7/14/2017 0:00,2103.0,2106.31,2065.34,2065.34,2809.78,2095.96,2214.18,32.47,37.73,51.57,3.65,H
157,7/14/2017 2:00,2061.8,2065.58,2055.14,2055.6,2151.36,2090.53,2213.18,0.0,32.39,38.22,4.25,H
158,7/14/2017 4:00,2055.6,2081.71,2053.43,2081.71,1877.15,2087.66,2212.35,72.83,35.11,55.95,4.34,H
159,7/14/2017 6:00,2081.71,2100.5,2081.71,2093.33,1638.35,2084.9,2211.61,100.0,38.66,79.74,4.35,H
160,7/14/2017 8:00,2093.33,2099.0,2084.0,2096.97,1764.5,2083.48,2210.89,100.0,44.89,83.29,4.18,H
161,7/14/2017 10:00,2096.97,2101.0,2072.75,2089.92,7382.76,2083.13,2210.15,34.05,44.16,58.74,4.0,H
162,7/14/2017 12:00,2089.92,2086.87,2030.85,2041.95,13346.07,2079.33,2209.12,0.0,34.32,69.53,4.67,H
163,7/14/2017 14:00,2041.95,2077.9,2010.8,2046.0,34883.7,2075.87,2208.12,7.79,32.33,89.39,5.05,H
164,7/14/2017 16:00,2030.98,2046.0,1971.04,1980.27,19764.23,2065.41,2206.74,5.8,25.57,86.53,6.66,H
165,7/14/2017 18:00,1980.13,1993.0,1966.01,1970.32,15439.82,2052.14,2205.32,0.0,26.35,72.93,7.92,H
166,7/14/2017 20:00,1970.32,1970.32,1934.46,1941.96,15038.2,2039.8,2203.74,0.0,24.92,71.05,9.65,H
167,7/14/2017 22:00,1937.46,1974.49,1926.3,1966.03,14983.76,2030.85,2202.32,45.91,30.79,73.14,10.43,H
168,7/15/2017 0:00,1966.03,1970.28,1962.0,1964.0,2926.59,2019.08,2200.91,92.22,29.59,79.89,11.01,H
169,7/15/2017 2:00,1964.0,1964.0,1862.08,1862.08,12445.66,1995.95,2198.92,0.0,18.29,75.81,13.44,H
170,7/15/2017 4:00,1862.08,1909.96,1850.0,1882.18,32543.13,1974.47,2197.07,16.47,24.73,71.49,14.78,H
171,7/15/2017 6:00,1882.18,1883.45,1805.9,1824.4,7043.33,1947.92,2194.9,25.81,21.83,68.69,17.09,H
172,7/15/2017 8:00,1824.4,1862.63,1805.0,1834.0,18281.42,1927.12,2192.82,14.25,18.55,70.66,18.7,H
173,7/15/2017 10:00,1834.0,1858.98,1804.93,1808.99,7881.51,1903.42,2190.61,27.74,15.09,73.52,20.35,H
174,7/15/2017 12:00,1808.99,1808.99,1759.66,1785.05,15606.31,1883.9,2188.29,0.0,13.52,79.62,21.94,H
175,7/15/2017 14:00,1785.05,1792.32,1740.5,1792.32,9400.37,1866.1,2186.04,23.29,15.22,73.88,22.7,H
176,7/15/2017 16:00,1780.51,1837.59,1775.32,1825.9,8802.05,1854.5,2184.01,100.0,23.87,74.2,23.02,H
177,7/15/2017 18:00,1825.9,1840.75,1820.04,1831.04,2039.14,1841.0,2182.02,100.0,24.07,82.59,23.11,H
178,7/15/2017 20:00,1831.04,1840.75,1780.0,1816.11,9707.9,1826.21,2179.98,25.61,27.43,89.02,22.75,H
179,7/15/2017 22:00,1816.11,1821.35,1761.98,1761.98,7180.05,1816.2,2177.66,0.0,24.46,94.51,22.5,H
180,7/16/2017 0:00,1769.19,1786.65,1745.0,1770.47,7002.8,1805.03,2175.41,13.56,27.9,99.39,21.45,H
181,7/16/2017 2:00,1770.47,1811.59,1770.47,1808.08,2121.9,1803.39,2173.39,100.0,30.33,95.63,19.43,H
182,7/16/2017 4:00,1808.08,1808.08,1756.31,1790.59,10734.43,1799.05,2171.3,68.26,29.21,104.43,18.04,H
183,7/16/2017 6:00,1790.59,1790.59,1740.0,1749.19,12407.09,1793.07,2169.0,0.0,34.17,93.53,16.41,H
184,7/16/2017 8:00,1746.0,1748.18,1568.16,1653.77,46728.64,1779.94,2166.22,0.0,23.55,92.78,17.66,B
185,7/16/2017 10:00,1653.77,1677.06,1630.09,1630.09,26329.88,1763.72,2163.34,0.0,25.57,86.99,18.92,B
186,7/16/2017 12:00,1630.09,1680.33,1578.57,1665.09,34218.18,1747.64,2160.67,59.65,30.04,97.61,19.24,B
187,7/16/2017 14:00,1665.09,1738.99,1627.82,1695.05,42609.86,1734.04,2158.2,100.0,36.69,104.85,18.0,H
188,7/16/2017 16:00,1695.05,1768.81,1695.01,1732.94,43415.31,1725.72,2155.95,100.0,44.11,80.92,15.68,H
189,7/16/2017 18:00,1732.94,1764.74,1670.55,1670.55,13667.15,1716.58,2153.39,37.78,37.75,91.17,15.92,B
190,7/16/2017 20:00,1670.55,1697.45,1656.5,1677.05,14368.49,1707.24,2150.9,9.44,34.17,75.31,15.36,B
191,7/16/2017 22:00,1677.05,1728.59,1670.34,1700.32,4962.37,1696.46,2148.55,100.0,36.61,81.59,15.21,B
192,7/17/2017 0:00,1700.32,1750.0,1693.52,1750.0,6049.8,1692.4,2146.49,100.0,43.68,74.9,14.56,H
193,7/17/2017 2:00,1756.86,1765.0,1735.54,1736.18,3120.33,1691.1,2144.37,78.24,47.33,67.39,14.18,B
194,7/17/2017 4:00,1736.18,1765.0,1730.33,1755.0,17423.07,1701.23,2142.37,57.66,48.43,71.19,14.03,B
195,7/17/2017 6:00,1755.0,1919.63,1755.0,1843.9,33486.2,1722.61,2140.85,100.0,53.29,82.15,14.76,H
196,7/17/2017 8:00,1843.9,1895.0,1814.96,1827.38,17723.08,1738.84,2139.26,84.33,53.39,84.06,14.79,H
197,7/17/2017 10:00,1827.38,1827.4,1802.63,1810.44,8601.48,1750.38,2137.6,0.0,55.9,79.27,14.49,H
198,7/17/2017 12:00,1810.44,1810.44,1770.73,1785.0,9262.45,1755.58,2135.83,0.0,64.62,58.66,14.15,B
199,7/17/2017 14:00,1785.0,1846.87,1785.0,1836.62,10143.61,1772.19,2134.33,66.99,71.66,60.02,14.92,B
200,7/17/2017 16:00,1836.62,1892.0,1825.76,1857.95,27790.89,1790.28,2132.47,100.0,70.82,71.28,15.94,B
201,7/17/2017 18:00,1873.83,1889.92,1847.72,1881.8,11192.49,1808.43,2130.83,100.0,70.43,62.75,17.07,B
202,7/17/2017 20:00,1881.8,1930.0,1880.51,1910.1,11484.03,1824.44,2129.22,100.0,69.8,47.2,18.74,B
203,7/17/2017 22:00,1915.42,1968.0,1913.22,1950.0,10537.49,1845.82,2127.69,100.0,82.88,19.09,20.98,S
204,7/18/2017 0:00,1950.0,1960.8,1915.73,1919.88,3755.32,1862.31,2126.09,56.98,77.07,9.88,21.22,H
205,7/18/2017 2:00,1919.88,1939.8,1916.04,1916.04,3526.4,1869.52,2124.48,0.0,75.14,14.39,20.48,B
206,7/18/2017 4:00,1916.04,1964.69,1914.15,1964.69,9413.36,1883.25,2123.21,92.68,75.08,19.11,20.74,B
207,7/18/2017 6:00,1963.9,2025.3,1962.0,2014.95,20390.3,1903.7,2122.18,100.0,80.01,26.5,21.92,S
208,7/18/2017 8:00,2011.05,2020.2,1968.69,1987.44,15999.07,1923.95,2121.1,64.63,74.56,9.18,22.53,B
209,7/18/2017 10:00,1987.44,2022.22,1973.3,2022.22,18478.84,1942.51,2120.16,55.84,71.28,6.35,22.24,S
210,7/18/2017 12:00,2022.22,2022.22,2002.69,2022.22,12022.56,1958.93,2119.29,100.0,74.2,6.58,21.41,H
211,7/18/2017 14:00,2022.22,2064.81,2022.22,2051.5,24156.94,1975.9,2118.55,100.0,79.05,14.08,20.92,S
212,7/18/2017 16:00,2046.52,2058.0,2001.0,2038.19,21928.43,1988.71,2117.9,68.75,81.43,6.59,20.59,H
213,7/18/2017 18:00,2038.19,2080.56,2036.58,2066.95,27017.29,2000.41,2117.43,68.36,80.32,6.11,19.92,H
214,7/18/2017 20:00,2066.95,2087.0,2038.6,2057.0,47408.49,2014.12,2116.77,74.3,77.01,24.25,18.9,H
215,7/18/2017 22:00,2048.24,2081.12,2010.0,2033.49,21646.51,2025.86,2116.01,0.0,70.6,16.99,18.71,H
216,7/19/2017 0:00,2033.49,2040.38,2001.5,2001.5,4020.44,2029.55,2115.05,0.0,62.29,8.17,17.84,B
217,7/19/2017 2:00,2001.5,2079.0,2001.5,2079.0,5425.89,2035.95,2114.5,70.78,65.75,-4.87,17.1,S
218,7/19/2017 4:00,2079.0,2080.0,2052.01,2071.45,2366.51,2044.35,2113.9,91.12,69.59,0.81,15.11,H
219,7/19/2017 6:00,2071.45,2119.95,2070.0,2119.0,15860.92,2054.03,2113.49,86.3,73.57,1.46,14.47,H
220,7/19/2017 8:00,2119.95,2122.0,2078.11,2095.98,24623.25,2061.41,2112.79,67.38,66.21,2.37,13.41,H
221,7/19/2017 10:00,2095.98,2106.5,2080.0,2080.0,4360.8,2064.26,2112.07,0.0,58.77,5.55,12.25,H
222,7/19/2017 12:00,2080.0,2080.0,2027.82,2035.0,15806.38,2063.94,2111.05,0.0,56.13,16.05,11.1,H
223,7/19/2017 14:00,2035.0,2075.0,2035.0,2051.54,11179.24,2062.4,2110.06,26.88,53.96,-2.14,10.53,H
224,7/19/2017 16:00,2051.54,2060.78,2025.35,2033.0,10324.53,2060.0,2108.99,47.15,51.39,-14.93,9.15,H
225,7/19/2017 18:00,2033.0,2037.53,1972.0,1984.5,24996.6,2055.1,2107.69,0.0,41.78,1.61,7.68,B
226,7/19/2017 20:00,1984.5,2028.0,1970.0,2017.87,21347.08,2056.73,2106.66,40.76,47.62,30.07,6.92,H
227,7/19/2017 22:00,2017.87,2027.08,1995.98,2016.03,11349.86,2050.44,2105.61,94.77,43.65,10.54,6.91,B
228,7/20/2017 0:00,2016.03,2038.31,2009.17,2036.3,2830.0,2046.92,2104.72,91.68,47.48,32.19,6.43,B
229,7/20/2017 2:00,2036.3,2064.0,2036.3,2064.0,1436.17,2041.42,2103.94,100.0,53.67,30.46,6.37,H
230,7/20/2017 4:00,2064.0,2075.0,2052.23,2061.59,5057.9,2037.98,2102.97,92.0,57.79,51.4,6.28,H
231,7/20/2017 6:00,2061.59,2088.0,2045.57,2055.0,9258.43,2035.48,2101.91,0.0,46.19,40.93,6.29,B
232,7/20/2017 8:00,2055.0,2060.0,2053.0,2055.0,7358.23,2037.48,2100.91,0.0,47.32,62.64,6.26,B
233,7/20/2017 10:00,2055.0,2142.0,2052.0,2142.0,38910.85,2046.53,2100.34,100.0,53.32,51.67,7.39,B
234,7/20/2017 12:00,2142.0,2232.0,2125.58,2232.0,33235.9,2066.43,2100.13,100.0,66.44,36.48,10.65,H
235,7/20/2017 14:00,2234.0,2250.0,2105.5,2230.56,72618.38,2091.04,2100.05,98.43,68.86,22.85,12.72,B
236,7/20/2017 16:00,2239.01,2297.0,2230.0,2247.91,18243.22,2114.04,2100.08,92.34,78.65,47.85,14.26,B
237,7/20/2017 18:00,2247.91,2299.48,2206.25,2273.99,9007.35,2139.84,2099.95,100.0,79.19,43.07,16.31,B
238,7/20/2017 20:00,2271.0,2347.9,2261.7,2340.0,34178.39,2170.2,2100.08,100.0,85.82,52.58,19.19,H
239,7/20/2017 22:00,2332.0,2382.94,2319.5,2376.2,23399.2,2201.42,2100.36,100.0,97.05,44.59,22.17,H
240,7/21/2017 0:00,2382.94,2382.94,2275.0,2338.32,6597.98,2229.1,2100.46,48.87,88.08,39.45,23.79,H
241,7/21/2017 2:00,2338.32,2339.33,2250.5,2274.46,6176.44,2251.04,2100.28,0.0,76.76,29.18,24.26,B
242,7/21/2017 4:00,2274.46,2342.0,2274.46,2342.0,8891.77,2279.74,2100.34,51.4,78.84,30.11,24.94,H
243,7/21/2017 6:00,2342.0,2353.85,2272.38,2328.98,12951.12,2298.44,2100.41,83.84,75.71,24.59,25.27,H
244,7/21/2017 8:00,2328.98,2344.46,2259.0,2320.06,38626.63,2307.25,2100.47,0.0,74.76,13.05,25.04,H
245,7/21/2017 10:00,2320.06,2347.2,2284.35,2331.1,11019.29,2317.3,2100.67,55.31,76.23,14.66,23.92,H
246,7/21/2017 12:00,2331.61,2385.0,2331.61,2365.22,31488.3,2329.03,2100.92,100.0,77.68,10.11,23.19,H
247,7/21/2017 14:00,2365.22,2373.0,2330.0,2330.01,5379.63,2334.64,2100.97,49.21,68.48,8.6,21.7,H
248,7/21/2017 16:00,2330.01,2357.55,2303.59,2318.33,26516.02,2332.47,2101.06,0.0,60.03,8.5,20.05,H
249,7/21/2017 18:00,2308.73,2338.06,2280.0,2286.61,8043.86,2323.51,2101.03,0.0,56.08,1.73,18.4,H
250,7/21/2017 20:00,2280.0,2300.19,2269.89,2284.5,7184.5,2318.13,2101.0,0.0,54.11,-8.95,16.31,B
251,7/21/2017 22:00,2284.5,2337.63,2283.96,2327.55,7202.1,2323.44,2101.32,95.33,55.79,-24.71,13.59,H
252,7/22/2017 0:00,2327.55,2327.74,2291.51,2327.74,1426.96,2322.01,2101.46,100.0,48.45,-21.45,9.66,H
253,7/22/2017 2:00,2327.74,2350.0,2327.74,2349.46,1313.47,2324.06,2101.72,100.0,46.5,2.95,7.29,H
254,7/22/2017 4:00,2349.46,2370.85,2324.9,2370.2,3217.66,2329.07,2102.08,100.0,54.37,-5.18,6.85,S
255,7/22/2017 6:00,2370.2,2383.0,2341.3,2378.54,18497.96,2333.82,2102.43,100.0,66.82,-3.72,6.21,S
256,7/22/2017 8:00,2378.54,2410.0,2375.93,2394.62,18014.21,2336.76,2102.86,100.0,60.2,7.18,5.9,S
257,7/22/2017 10:00,2394.62,2476.9,2394.62,2429.01,10473.95,2346.66,2103.4,100.0,67.91,49.57,6.45,H
258,7/22/2017 12:00,2429.01,2429.01,2356.5,2374.42,9474.84,2352.26,2103.71,38.65,58.36,71.99,6.57,H
259,7/22/2017 14:00,2362.56,2401.39,2362.56,2394.99,5740.86,2363.1,2104.11,27.37,59.55,46.85,6.75,H
260,7/22/2017 16:00,2394.99,2432.39,2394.76,2418.0,5947.83,2376.45,2104.63,100.0,58.16,7.55,7.31,H
261,7/22/2017 18:00,2418.0,2421.64,2400.68,2400.68,3322.97,2383.77,2105.04,57.05,61.57,42.9,6.94,H
262,7/22/2017 20:00,2400.68,2418.0,2400.68,2418.0,3808.61,2392.79,2105.58,0.5,66.02,33.55,7.33,H
263,7/22/2017 22:00,2418.0,2434.0,2396.0,2413.03,8271.19,2399.15,2106.11,77.7,72.23,26.58,7.51,H
264,7/23/2017 0:00,2413.03,2424.94,2408.0,2418.45,4541.02,2403.97,2106.61,52.17,73.28,30.3,7.6,S
265,7/23/2017 2:00,2418.45,2418.45,2396.0,2402.38,1168.62,2406.36,2107.1,25.22,64.35,47.29,7.56,H
266,7/23/2017 4:00,2402.38,2423.38,2346.98,2408.06,15427.54,2407.7,2107.57,26.11,65.09,26.85,7.69,H
267,7/23/2017 6:00,2408.06,2408.06,2346.98,2346.98,5026.27,2399.5,2107.79,8.51,49.59,19.53,7.57,H
268,7/23/2017 8:00,2346.98,2373.06,2328.78,2338.57,11632.24,2395.91,2107.97,0.0,44.61,0.11,7.39,H
269,7/23/2017 10:00,2338.57,2340.93,2283.4,2310.77,9143.92,2387.49,2107.95,0.0,39.16,-4.6,7.0,H
270,7/23/2017 12:00,2310.77,2376.62,2310.77,2359.15,11482.89,2381.61,2108.18,63.51,44.86,14.21,6.05,H
271,7/23/2017 14:00,2359.15,2416.13,2359.15,2386.28,10427.14,2380.17,2108.49,100.0,43.67,9.98,5.69,H
272,7/23/2017 16:00,2386.25,2399.0,2367.95,2398.98,3700.88,2378.26,2108.9,100.0,54.15,21.41,5.29,H
273,7/23/2017 18:00,2398.98,2398.98,2386.77,2387.62,1124.1,2375.72,2109.29,52.78,48.71,35.81,5.09,H
274,7/23/2017 20:00,2387.62,2396.0,2382.0,2395.65,4313.91,2373.44,2109.72,41.41,45.89,41.57,5.05,H
275,7/23/2017 22:00,2395.65,2395.65,2348.63,2372.14,3065.33,2370.42,2110.24,25.46,44.86,55.14,5.07,H
276,7/24/2017 0:00,2372.14,2377.61,2353.91,2377.61,1326.9,2367.38,2110.78,18.88,42.41,84.16,5.08,H
277,7/24/2017 2:00,2377.61,2377.61,2370.35,2370.35,260.6,2369.71,2111.26,42.97,42.05,41.2,4.85,H
278,7/24/2017 4:00,2370.35,2377.58,2346.09,2377.58,3985.53,2373.61,2111.99,49.9,42.43,58.85,4.84,H
279,7/24/2017 6:00,2377.58,2377.58,2348.67,2354.9,1345.44,2378.03,2112.51,24.17,41.42,79.85,4.96,H
280,7/24/2017 8:00,2354.9,2395.97,2352.0,2390.98,7282.28,2381.21,2113.22,61.4,47.22,66.95,4.77,H
281,7/24/2017 10:00,2375.75,2390.99,2364.83,2384.35,10130.55,2381.02,2114.0,84.48,57.4,83.32,4.72,H
282,7/24/2017 12:00,2384.35,2396.0,2374.02,2375.0,12357.43,2378.62,2114.69,0.0,57.18,82.43,4.48,H
283,7/24/2017 14:00,2375.0,2397.0,2375.0,2385.0,2949.32,2378.36,2115.48,51.68,65.74,90.66,4.28,H
284,7/24/2017 16:00,2385.0,2397.0,2377.15,2377.15,6632.57,2376.51,2116.21,56.02,54.61,79.12,3.96,H
285,7/24/2017 18:00,2377.15,2383.4,2372.48,2376.09,5238.82,2376.9,2117.0,0.0,46.99,88.0,3.81,H
286,7/24/2017 20:00,2377.88,2388.57,2377.88,2388.5,796.43,2377.99,2117.78,92.13,46.9,20.05,3.62,H
287,7/24/2017 22:00,2388.5,2388.5,2371.59,2385.42,3737.1,2379.5,2118.71,80.12,49.32,6.57,3.49,H
288,7/25/2017 0:00,2385.42,2387.96,2375.9,2375.9,1254.67,2379.33,2119.44,0.0,43.91,-36.77,3.19,H
289,7/25/2017 2:00,2375.9,2387.76,2375.9,2380.4,596.33,2381.88,2120.17,32.1,52.89,2.37,1.84,H
290,7/25/2017 4:00,2380.4,2385.87,2380.4,2385.87,84.16,2381.37,2120.84,100.0,52.89,62.71,1.65,H
291,7/25/2017 6:00,2385.87,2387.98,2300.0,2315.0,22700.14,2374.43,2121.2,7.17,36.61,80.04,2.98,H
292,7/25/2017 8:00,2315.0,2337.1,2307.5,2307.85,5157.89,2367.72,2121.44,0.0,33.13,65.78,3.86,H
293,7/25/2017 10:00,2307.85,2317.0,2247.76,2258.0,66179.81,2355.02,2121.46,0.0,29.28,71.19,5.77,H
294,7/25/2017 12:00,2268.64,2268.64,2200.0,2225.1,17181.31,2339.81,2121.44,0.0,14.04,57.62,7.78,H
295,7/25/2017 14:00,2225.1,2350.24,2225.0,2254.94,19216.57,2327.7,2121.31,47.56,24.51,62.37,8.7,H
296,7/25/2017 16:00,2253.0,2253.0,2201.2,2222.14,20952.95,2311.06,2121.01,47.64,22.44,61.06,9.96,H
297,7/25/2017 18:00,2222.14,2298.99,2176.13,2185.0,18658.33,2291.02,2120.6,0.0,17.15,65.56,11.65,H
298,7/25/2017 20:00,2185.0,2276.1,2171.01,2244.8,18915.93,2277.91,2120.45,61.69,31.43,59.37,12.04,H
299,7/25/2017 22:00,2244.8,2245.0,2226.18,2241.3,5717.65,2264.0,2120.27,94.47,31.22,73.49,12.47,H
300,7/26/2017 0:00,2241.3,2276.1,2241.3,2248.1,4376.31,2250.22,2120.21,66.02,30.13,73.67,12.51,H
301,7/26/2017 2:00,2248.1,2248.1,2208.95,2208.95,14331.56,2239.62,2119.88,14.8,27.33,72.88,12.88,H
302,7/26/2017 4:00,2208.95,2228.27,2181.3,2187.27,2145.87,2227.56,2119.49,0.0,26.51,78.35,13.41,H
303,7/26/2017 6:00,2187.27,2187.27,2155.41,2175.17,5580.07,2219.28,2119.01,0.0,24.91,78.56,13.78,H
304,7/26/2017 8:00,2175.21,2249.0,2167.08,2226.44,29857.79,2219.41,2118.78,80.91,32.47,81.36,13.49,H
305,7/26/2017 10:00,2226.44,2255.0,2212.3,2234.07,7019.08,2217.32,2118.68,100.0,39.67,89.17,13.03,H
306,7/26/2017 12:00,2234.07,2251.2,2201.1,2202.21,6257.82,2215.33,2118.46,19.32,37.31,93.47,12.42,H
307,7/26/2017 14:00,2202.21,2209.84,2150.5,2164.98,5051.74,2213.33,2118.08,0.0,38.48,95.94,11.96,H
308,7/26/2017 16:00,2164.98,2173.26,2144.61,2170.79,15254.6,2205.93,2117.82,13.5,42.79,104.97,11.24,H
309,7/26/2017 18:00,2170.79,2195.0,2163.05,2181.8,3643.74,2199.98,2117.59,100.0,39.78,119.73,9.89,H
310,7/26/2017 20:00,2181.79,2192.74,2157.44,2157.44,3979.24,2190.91,2117.28,31.13,40.74,103.43,7.96,B
311,7/26/2017 22:00,2157.44,2210.18,2151.28,2203.75,16730.92,2190.39,2117.1,65.53,52.61,110.63,6.91,H
312,7/27/2017 0:00,2199.77,2214.96,2199.77,2214.74,837.42,2193.14,2116.99,100.0,45.15,87.88,5.69,H
313,7/27/2017 2:00,2214.74,2214.74,2158.52,2202.13,9124.55,2195.84,2116.92,46.57,43.86,64.92,5.33,H
314,7/27/2017 4:00,2202.13,2217.93,2192.68,2217.93,2262.69,2194.98,2117.04,55.61,45.4,90.84,5.3,H
315,7/27/2017 6:00,2217.91,2220.0,2210.01,2220.0,2644.01,2193.58,2117.48,100.0,51.9,65.34,4.93,H
316,7/27/2017 8:00,2220.0,2229.35,2210.01,2222.36,6589.81,2195.59,2117.82,100.0,56.46,31.19,4.93,H
317,7/27/2017 10:00,2222.36,2245.59,2221.72,2244.38,11458.24,2203.53,2118.3,100.0,62.3,82.38,5.09,H
318,7/27/2017 12:00,2244.38,2252.7,2226.57,2244.03,10816.84,2210.86,2119.05,98.44,53.82,79.36,5.08,H
319,7/27/2017 14:00,2244.03,2244.03,2199.01,2199.01,11280.88,2212.58,2119.66,0.0,43.45,88.74,4.89,B
320,7/27/2017 16:00,2199.01,2225.45,2199.01,2225.45,5300.83,2219.38,2120.3,37.0,54.43,53.72,4.64,H
321,7/27/2017 18:00,2225.45,2229.92,2218.71,2222.09,734.12,2221.21,2121.17,88.72,62.5,32.08,4.69,B
322,7/27/2017 20:00,2222.09,2282.61,2202.87,2278.59,12929.41,2227.6,2122.24,94.39,69.31,20.78,5.45,B
323,7/27/2017 22:00,2278.59,2305.47,2278.52,2285.14,4211.02,2235.9,2123.37,100.0,68.81,57.95,6.0,B
324,7/28/2017 0:00,2285.14,2320.0,2285.14,2320.0,2994.0,2246.1,2124.59,100.0,78.5,58.33,7.31,H
325,7/28/2017 2:00,2320.0,2320.0,2310.1,2310.1,9654.02,2255.12,2125.71,77.88,71.37,37.76,8.13,H
326,7/28/2017 4:00,2310.1,2313.0,2300.8,2300.8,3458.48,2262.96,2126.74,0.0,67.41,16.48,8.6,H
327,7/28/2017 6:00,2300.8,2342.0,2300.8,2342.0,9885.68,2272.72,2128.05,81.58,75.36,17.41,9.23,H
328,7/28/2017 8:00,2342.0,2380.52,2342.0,2367.78,7799.89,2285.1,2129.45,100.0,76.22,20.81,10.08,H
329,7/28/2017 10:00,2367.78,2405.07,2357.91,2394.49,12659.19,2304.64,2131.19,100.0,78.11,9.97,11.19,S
330,7/28/2017 12:00,2395.39,2403.9,2367.16,2376.24,7851.99,2319.72,2132.72,59.41,73.58,24.17,11.22,H
331,7/28/2017 14:00,2376.24,2377.0,2301.5,2329.41,35526.73,2330.46,2134.17,0.0,62.11,25.78,11.08,H
332,7/28/2017 16:00,2331.04,2377.0,2327.19,2377.0,4522.35,2340.3,2136.03,50.4,66.69,18.62,11.41,H
333,7/28/2017 18:00,2368.57,2377.0,2357.97,2357.97,7238.68,2347.58,2137.72,71.44,71.35,21.25,11.2,H
334,7/28/2017 20:00,2357.97,2376.4,2352.94,2371.5,5237.44,2352.73,2139.34,41.55,70.32,19.02,11.15,H
335,7/28/2017 22:00,2371.5,2388.69,2360.28,2383.81,5578.75,2360.1,2141.01,100.0,71.95,16.63,11.07,S
336,7/29/2017 0:00,2383.81,2383.81,2373.07,2373.07,1808.66,2367.33,2142.45,53.41,64.64,21.53,10.74,H
337,7/29/2017 2:00,2373.07,2373.07,2328.0,2328.0,3410.12,2365.93,2143.55,0.0,55.93,18.58,10.33,H
338,7/29/2017 4:00,2328.0,2332.6,2316.59,2332.6,1987.4,2362.41,2144.75,9.26,51.9,-4.46,9.86,H
339,7/29/2017 6:00,2332.6,2359.13,2330.48,2354.89,4659.69,2358.45,2145.98,100.0,56.52,-3.62,8.49,H
340,7/29/2017 8:00,2354.89,2364.02,2336.96,2358.27,6267.96,2356.65,2147.12,100.0,58.52,-17.56,7.35,H
341,7/29/2017 10:00,2358.27,2358.27,2300.0,2310.32,4768.03,2354.74,2148.02,6.58,45.4,2.95,5.81,H
342,7/29/2017 12:00,2310.32,2310.32,2301.34,2308.78,3437.82,2347.92,2149.03,0.0,40.78,3.36,5.39,H
343,7/29/2017 14:00,2308.78,2346.49,2301.6,2346.49,5754.3,2346.77,2150.19,96.08,42.75,26.07,4.84,H
344,7/29/2017 16:00,2340.36,2341.71,2308.44,2330.91,6812.92,2342.71,2151.17,70.76,43.09,16.35,4.76,H
345,7/29/2017 18:00,2330.91,2343.8,2325.2,2338.8,5412.55,2338.21,2152.19,33.62,51.62,4.59,4.53,H
346,7/29/2017 20:00,2338.8,2341.0,2330.0,2330.0,2737.23,2333.91,2153.27,47.27,40.62,41.22,4.18,H
347,7/29/2017 22:00,2330.0,2330.0,2300.0,2320.7,3145.26,2333.18,2154.32,0.0,42.26,67.95,4.32,H
348,7/30/2017 0:00,2320.7,2327.41,2301.75,2321.03,2859.91,2332.02,2155.37,3.43,38.91,95.86,4.39,H
349,7/30/2017 2:00,2321.03,2330.27,2309.53,2330.27,7264.88,2329.56,2156.42,100.0,38.07,84.34,4.0,H
350,7/30/2017 4:00,2330.27,2330.27,2300.0,2300.0,15724.39,2323.73,2157.36,23.39,35.02,38.83,4.13,H
351,7/30/2017 6:00,2300.0,2300.06,2270.5,2286.62,7086.12,2321.36,2158.33,0.0,40.25,86.22,4.6,B
352,7/30/2017 8:00,2286.62,2300.0,2284.01,2296.81,9093.87,2320.16,2159.42,43.23,41.79,72.36,4.58,H
353,7/30/2017 10:00,2296.81,2296.81,2284.65,2292.62,2660.19,2314.78,2160.48,70.86,34.41,86.82,4.75,B
354,7/30/2017 12:00,2292.62,2321.04,2292.62,2301.39,2413.62,2311.82,2161.56,67.67,36.14,103.06,4.58,B
355,7/30/2017 14:00,2301.39,2357.4,2301.39,2357.4,1375.0,2313.68,2162.83,100.0,61.04,98.61,4.17,H
356,7/30/2017 16:00,2360.0,2360.0,2334.36,2341.2,3462.77,2314.8,2164.21,77.57,57.11,54.16,3.77,H
357,7/30/2017 18:00,2341.2,2410.0,2341.2,2373.9,8669.76,2320.12,2165.8,66.87,56.15,56.06,4.22,H
358,7/30/2017 20:00,2373.9,2375.59,2250.0,2325.98,47428.22,2320.62,2167.02,40.56,49.03,79.13,4.22,B
359,7/30/2017 22:00,2325.98,2364.56,2262.5,2348.89,18157.02,2322.48,2168.3,32.35,51.87,83.34,4.16,H
360,7/31/2017 0:00,2348.89,2350.1,2280.0,2330.8,15931.63,2325.56,2169.47,55.88,50.14,34.43,3.96,H
361,7/31/2017 2:00,2330.8,2336.44,2328.05,2328.05,678.26,2329.7,2170.66,0.0,51.35,31.6,3.92,B
362,7/31/2017 4:00,2328.05,2350.02,2327.89,2331.37,4585.08,2333.16,2172.11,54.7,51.87,72.08,3.86,B
363,7/31/2017 6:00,2331.37,2372.46,2268.0,2346.43,20536.14,2338.54,2173.61,100.0,52.87,54.73,3.86,H
364,7/31/2017 8:00,2325.0,2350.0,2268.0,2332.58,34961.97,2341.66,2175.37,52.09,56.14,63.42,3.86,B
365,7/31/2017 10:00,2332.58,2372.14,2332.58,2365.8,3742.89,2342.5,2177.35,70.58,63.88,51.99,4.12,H
366,7/31/2017 12:00,2365.8,2401.0,2365.8,2390.0,6325.8,2347.38,2179.59,100.0,65.57,40.62,4.75,H
367,7/31/2017 14:00,2390.0,2399.99,2373.42,2399.99,7413.67,2349.99,2181.76,100.0,67.6,38.88,5.4,H
368,7/31/2017 16:00,2383.43,2404.78,2341.0,2395.0,13479.48,2356.89,2183.91,66.69,65.54,43.77,5.82,H
369,7/31/2017 18:00,2395.0,2408.12,2349.0,2406.9,20715.71,2362.69,2186.64,70.46,59.63,21.39,6.35,S
370,7/31/2017 20:00,2406.9,2444.28,2377.01,2377.01,11130.45,2367.31,2189.11,28.48,56.61,9.09,6.23,H
371,7/31/2017 22:00,2411.55,2439.7,2404.54,2439.7,1475.52,2378.48,2192.19,67.71,60.94,13.55,6.68,S
372,8/1/2017 0:00,2439.7,2444.28,2398.43,2425.13,3377.58,2387.85,2195.14,81.14,68.54,7.48,6.76,H
373,8/1/2017 2:00,2425.13,2450.0,2423.26,2450.0,2372.15,2398.21,2198.35,63.06,68.77,9.47,6.98,S
374,8/1/2017 4:00,2450.0,2457.46,2424.55,2457.46,4211.13,2410.7,2201.71,100.0,74.47,39.01,7.19,S
375,8/1/2017 6:00,2457.46,2457.46,2356.27,2356.27,13274.79,2409.75,2204.53,6.87,53.95,29.57,7.2,H
376,8/1/2017 8:00,2356.27,2402.26,2269.0,2308.81,13523.89,2401.63,2206.94,0.0,47.19,49.66,7.53,H
377,8/1/2017 10:00,2328.37,2371.0,2280.0,2329.36,9192.46,2394.56,2209.44,30.22,47.9,24.75,7.73,H
378,8/1/2017 12:00,2329.36,2367.27,2230.0,2253.15,36568.65,2380.38,2211.62,21.24,41.54,40.54,8.81,B
379,8/1/2017 14:00,2253.15,2282.52,2253.15,2281.5,1370.27,2367.84,2214.22,27.11,40.92,34.49,9.4,H
380,8/1/2017 16:00,2281.5,2326.66,2266.75,2316.12,9687.44,2361.75,2216.95,100.0,42.22,33.75,9.5,H
381,8/1/2017 18:00,2316.12,2349.15,2304.32,2348.47,16171.3,2352.63,2219.65,100.0,44.82,34.64,9.41,H
382,8/1/2017 20:00,2348.47,2348.47,2322.43,2325.55,3443.73,2342.67,2222.32,58.53,43.26,41.57,9.44,H
383,8/1/2017 22:00,2325.55,2335.53,2306.42,2323.87,2773.88,2330.06,2225.2,0.0,41.78,36.03,9.55,H
384,8/2/2017 0:00,2323.87,2323.87,2305.42,2311.14,9567.71,2315.42,2228.48,0.0,43.25,51.2,9.7,H
385,8/2/2017 2:00,2311.14,2340.5,2311.14,2340.5,88.68,2313.85,2232.04,69.76,39.08,62.26,9.74,H
386,8/2/2017 4:00,2340.5,2350.0,2332.77,2346.98,1147.67,2317.66,2235.45,100.0,41.24,67.64,9.69,H
387,8/2/2017 6:00,2346.98,2350.0,2339.74,2340.74,1916.53,2318.8,2238.67,50.94,37.22,66.95,9.59,H
388,8/2/2017 8:00,2340.74,2340.74,2330.43,2331.74,2305.4,2326.66,2241.67,0.0,35.35,73.82,9.52,H
389,8/2/2017 10:00,2332.04,2358.62,2332.04,2358.62,5691.59,2334.37,2245.11,74.92,50.33,61.85,9.29,S
390,8/2/2017 12:00,2358.62,2370.98,2300.0,2300.0,18317.62,2332.76,2248.22,31.44,48.8,91.7,9.44,H
391,8/2/2017 14:00,2300.0,2310.0,2295.47,2305.5,2483.99,2328.46,2251.25,8.58,46.6,90.96,8.82,H
392,8/2/2017 16:00,2305.5,2329.34,2304.18,2317.68,11425.18,2327.68,2254.09,100.0,61.25,110.03,8.19,H
393,8/2/2017 18:00,2317.68,2332.92,2300.92,2300.92,6737.58,2325.38,2256.91,42.09,53.53,131.19,6.86,H
394,8/2/2017 20:00,2300.92,2313.84,2275.83,2288.25,8209.64,2323.09,2259.58,0.0,44.5,84.57,4.62,B
395,8/2/2017 22:00,2281.65,2304.74,2281.65,2304.74,1279.91,2319.52,2261.88,56.55,40.79,42.27,4.4,H
396,8/3/2017 0:00,2304.74,2328.0,2298.79,2302.89,2196.86,2315.11,2264.26,89.91,44.77,62.67,4.42,B
397,8/3/2017 2:00,2302.89,2314.72,2298.89,2314.72,1683.71,2312.51,2266.78,86.48,47.98,-11.48,4.39,H
398,8/3/2017 4:00,2314.72,2323.98,2304.99,2304.99,1063.37,2309.83,2269.38,54.87,48.62,6.17,3.62,B
399,8/3/2017 6:00,2304.99,2320.51,2304.99,2309.94,2011.01,2304.96,2271.75,33.72,42.33,45.39,3.32,B
400,8/3/2017 8:00,2309.94,2335.0,2308.98,2335.0,3348.23,2308.46,2274.13,100.0,47.25,85.71,3.36,H
401,8/3/2017 10:00,2335.0,2335.0,2313.77,2319.0,18732.85,2309.81,2276.32,61.03,45.22,58.73,3.17,H
402,8/3/2017 12:00,2319.0,2335.0,2316.49,2316.87,4169.44,2309.73,2278.35,0.0,46.63,57.05,3.16,B
403,8/3/2017 14:00,2317.77,2350.0,2315.25,2350.0,4357.12,2314.64,2280.35,93.96,48.1,38.68,3.38,H
404,8/3/2017 16:00,2350.0,2356.43,2339.9,2348.6,8225.07,2320.68,2282.5,95.95,64.32,72.74,3.53,B
405,8/3/2017 18:00,2348.6,2356.43,2331.12,2356.32,9408.27,2325.83,2284.7,84.65,64.78,78.26,3.7,B
406,8/3/2017 20:00,2355.39,2365.0,2355.0,2365.0,5041.73,2332.04,2286.7,100.0,64.05,68.73,3.94,B
407,8/3/2017 22:00,2365.0,2379.48,2360.1,2379.02,3794.22,2338.47,2288.52,100.0,73.57,56.05,4.44,H
408,8/4/2017 0:00,2379.02,2379.02,2361.41,2375.81,855.63,2345.56,2290.46,81.37,78.03,77.45,4.84,H
409,8/4/2017 2:00,2375.81,2375.81,2365.21,2371.3,1204.2,2351.69,2292.21,0.0,73.08,25.6,4.99,H
410,8/4/2017 4:00,2371.3,2371.3,2360.2,2365.68,1577.8,2354.76,2293.92,0.0,71.21,27.77,5.04,B
411,8/4/2017 6:00,2368.39,2372.28,2360.2,2372.28,7170.99,2360.09,2295.53,54.01,70.16,35.62,5.14,B
412,8/4/2017 8:00,2372.27,2400.0,2372.27,2399.0,10578.34,2368.3,2297.33,100.0,79.42,21.08,5.63,B
413,8/4/2017 10:00,2400.0,2434.38,2400.0,2420.1,14307.86,2375.31,2299.1,100.0,81.31,10.92,6.19,H
414,8/4/2017 12:00,2420.1,2428.0,2405.0,2417.29,7050.81,2382.18,2300.9,88.25,76.78,18.57,6.32,B
415,8/4/2017 14:00,2417.29,2445.78,2407.8,2445.78,9608.42,2391.13,2302.96,91.02,88.15,16.1,6.95,S
416,8/4/2017 16:00,2445.82,2450.0,2427.59,2439.9,5799.54,2398.62,2305.15,82.89,86.21,20.32,7.21,H
417,8/4/2017 18:00,2435.1,2447.24,2425.1,2434.76,8951.84,2404.19,2306.93,0.0,79.87,11.93,7.35,H
418,8/4/2017 20:00,2434.76,2440.0,2425.1,2432.3,4620.28,2409.84,2308.74,0.0,79.27,10.29,7.18,B
419,8/4/2017 22:00,2432.3,2446.58,2432.3,2446.58,2785.43,2417.37,2310.37,85.3,80.18,20.64,7.07,B
420,8/5/2017 0:00,2446.58,2460.0,2446.57,2460.0,1821.84,2426.8,2312.19,100.0,80.79,8.92,7.31,B
421,8/5/2017 2:00,2460.0,2671.67,2460.0,2622.96,26695.93,2451.87,2314.91,100.0,90.23,15.75,10.81,B
422,8/5/2017 4:00,2596.58,2688.34,2596.58,2639.65,8961.15,2475.93,2317.93,100.0,91.66,27.49,13.22,B
423,8/5/2017 6:00,2639.65,2682.78,2639.65,2646.0,8278.3,2498.52,2320.9,100.0,93.12,26.12,15.17,B
424,8/5/2017 8:00,2646.0,2730.0,2600.5,2700.54,18117.32,2526.85,2324.24,100.0,95.57,27.08,17.45,H
425,8/5/2017 10:00,2700.54,2700.54,2644.5,2652.52,23222.02,2547.52,2327.58,53.18,84.27,26.94,18.32,B
426,8/5/2017 12:00,2652.52,2686.68,2647.31,2673.49,8298.07,2570.88,2330.86,30.4,84.05,27.79,19.16,H
427,8/5/2017 14:00,2673.49,2720.4,2673.49,2708.1,7617.54,2598.21,2334.32,100.0,84.56,25.15,20.18,H
428,8/5/2017 16:00,2708.1,2795.38,2708.1,2772.0,30564.01,2632.18,2338.0,100.0,87.13,22.51,21.6,S
429,8/5/2017 18:00,2772.0,2792.85,2756.63,2756.63,23641.1,2663.19,2341.46,80.61,83.45,19.05,22.21,H
430,8/5/2017 20:00,2756.63,2771.42,2700.0,2766.41,14271.35,2693.83,2344.99,38.89,84.85,17.21,22.4,S
431,8/5/2017 22:00,2766.41,2766.41,2734.88,2752.89,4764.55,2706.82,2348.48,41.97,83.36,18.32,22.07,S
432,8/6/2017 0:00,2752.89,2772.0,2751.5,2752.19,5234.69,2718.08,2351.96,0.0,83.66,18.56,21.67,H
433,8/6/2017 2:00,2752.19,2760.23,2711.87,2720.03,1413.42,2725.48,2354.85,0.0,77.73,14.41,20.94,H
434,8/6/2017 4:00,2720.03,2735.64,2717.93,2718.04,1670.74,2727.23,2357.28,0.0,76.79,15.31,19.89,H
435,8/6/2017 6:00,2718.04,2719.6,2699.16,2699.17,3186.88,2731.9,2359.62,0.0,61.29,9.8,18.83,B
436,8/6/2017 8:00,2699.17,2728.75,2654.17,2706.64,5326.26,2735.21,2361.92,28.36,60.2,2.83,17.44,H
437,8/6/2017 10:00,2706.64,2720.82,2690.37,2705.49,3510.83,2734.95,2364.08,86.66,59.21,-6.28,15.61,B
438,8/6/2017 12:00,2702.35,2720.67,2691.6,2717.0,4094.93,2729.45,2365.96,90.92,52.94,-16.04,13.23,B
439,8/6/2017 14:00,2717.0,2763.43,2707.81,2739.08,5936.71,2727.69,2367.78,100.0,67.03,-33.84,10.42,H
440,8/6/2017 16:00,2739.08,2752.41,2718.02,2750.0,20801.57,2726.05,2369.83,100.0,65.68,0.71,6.51,H
441,8/6/2017 18:00,2750.0,2770.1,2739.49,2765.95,4869.29,2727.36,2372.29,100.0,62.83,2.47,6.0,S
442,8/6/2017 20:00,2765.95,2783.64,2742.51,2758.76,9111.67,2728.02,2374.37,68.93,46.07,-1.52,5.49,H
443,8/6/2017 22:00,2758.76,2778.65,2741.0,2749.01,2265.03,2730.91,2376.48,0.0,47.66,29.09,4.85,H
444,8/7/2017 0:00,2749.01,2750.62,2722.86,2722.86,4895.34,2731.4,2378.49,0.0,37.86,-9.17,4.76,B
445,8/7/2017 2:00,2722.86,2745.16,2720.0,2736.67,997.78,2735.15,2380.52,34.56,45.49,-5.67,3.94,B
446,8/7/2017 4:00,2736.77,2763.19,2724.67,2744.47,1769.58,2738.93,2382.41,100.0,47.93,18.54,3.36,B
447,8/7/2017 6:00,2744.47,2768.99,2733.05,2759.55,2883.66,2744.34,2384.56,100.0,61.64,85.98,3.28,B
448,8/7/2017 8:00,2759.55,2770.0,2747.74,2760.0,6599.11,2748.64,2386.77,100.0,62.47,70.24,3.17,B
449,8/7/2017 10:00,2760.0,2856.81,2759.99,2809.0,17600.45,2755.63,2389.38,100.0,77.69,73.29,3.88,B
450,8/7/2017 12:00,2809.0,2900.0,2809.0,2880.01,11002.39,2768.63,2392.36,100.0,83.1,53.42,5.91,S
451,8/7/2017 14:00,2880.01,2880.01,2846.86,2860.13,3480.97,2778.05,2395.02,78.13,77.56,49.73,6.95,H
452,8/7/2017 16:00,2860.13,2875.0,2856.61,2857.31,11253.08,2787.9,2397.67,0.0,75.8,32.18,7.72,H
453,8/7/2017 18:00,2857.31,2863.1,2828.92,2841.1,7140.07,2797.11,2400.13,0.0,69.18,29.3,8.03,H
454,8/7/2017 20:00,2841.52,2864.88,2839.96,2862.0,4004.53,2811.02,2402.59,56.32,70.29,19.21,8.44,H
455,8/7/2017 22:00,2862.0,2882.15,2857.9,2880.0,7583.93,2825.36,2405.09,100.0,70.51,19.68,8.73,H
456,8/8/2017 0:00,2880.0,2880.0,2869.0,2879.07,2597.45,2838.82,2407.52,95.09,72.13,16.34,8.88,H
457,8/8/2017 2:00,2876.07,2898.0,2876.07,2898.0,4414.01,2852.66,2409.86,95.32,76.51,17.78,9.04,S
458,8/8/2017 4:00,2898.0,2923.0,2885.28,2899.01,6556.66,2866.56,2412.48,100.0,84.43,23.23,9.12,H
459,8/8/2017 6:00,2888.42,2936.76,2888.32,2927.5,10807.68,2878.41,2415.15,100.0,85.27,25.05,9.54,S
460,8/8/2017 8:00,2927.5,2956.46,2905.5,2917.62,21754.97,2882.17,2417.64,74.25,81.76,28.39,9.74,H
461,8/8/2017 10:00,2917.62,2931.48,2880.61,2900.0,9512.09,2886.16,2420.14,0.0,75.52,23.51,9.78,H
462,8/8/2017 12:00,2907.47,2932.0,2862.15,2883.57,13851.74,2888.79,2422.47,0.0,71.22,17.09,9.57,H
463,8/8/2017 14:00,2883.57,2909.48,2872.4,2887.2,9623.69,2893.4,2424.84,18.1,65.91,3.13,9.18,H
464,8/8/2017 16:00,2887.2,2908.66,2850.0,2893.1,11383.51,2896.51,2427.21,100.0,53.62,0.64,8.31,H
465,8/8/2017 18:00,2899.77,2918.75,2879.5,2918.75,6956.93,2900.38,2429.8,100.0,65.72,-4.67,7.56,H
466,8/8/2017 20:00,2919.1,2957.66,2911.81,2929.8,11218.25,2905.46,2432.4,100.0,68.62,-8.2,6.74,S
467,8/8/2017 22:00,2939.61,2953.19,2928.6,2943.67,2453.05,2910.02,2435.39,100.0,76.67,-20.5,5.97,S
468,8/9/2017 0:00,2943.67,2943.67,2903.9,2903.9,5633.59,2910.51,2438.21,25.86,59.92,-11.39,4.49,H
469,8/9/2017 2:00,2903.9,2939.01,2888.54,2888.54,3734.97,2906.62,2441.1,0.0,52.05,38.18,3.66,H
470,8/9/2017 4:00,2888.54,2918.9,2884.94,2887.0,2461.99,2903.55,2443.74,0.0,51.9,18.91,3.64,H
471,8/9/2017 6:00,2901.48,2918.99,2889.34,2915.47,9879.25,2905.1,2446.39,94.87,53.99,12.57,3.54,H
472,8/9/2017 8:00,2905.81,2920.0,2891.6,2896.6,5477.04,2906.4,2448.88,60.14,49.49,-8.96,3.31,H
473,8/9/2017 10:00,2896.6,2898.0,2800.0,2829.97,32905.01,2900.68,2451.09,0.0,32.25,15.54,3.51,B
474,8/9/2017 12:00,2829.97,2844.84,2829.97,2839.99,5659.43,2895.37,2453.31,13.07,35.88,35.47,3.79,H
475,8/9/2017 14:00,2836.98,2839.98,2800.0,2838.83,21146.22,2887.38,2455.64,89.62,38.16,37.7,4.16,B
476,8/9/2017 16:00,2838.83,2864.89,2822.26,2853.5,4573.77,2879.75,2458.02,92.67,44.14,54.32,4.32,B
477,8/9/2017 18:00,2853.5,2883.98,2847.24,2877.85,8388.24,2873.16,2460.56,100.0,48.31,55.9,4.35,B
478,8/9/2017 20:00,2877.85,2913.72,2863.82,2882.5,9561.64,2871.02,2463.08,100.0,48.08,79.22,4.35,B
479,8/9/2017 22:00,2882.5,2898.53,2860.22,2888.36,12363.2,2871.01,2465.75,100.0,44.07,73.84,4.18,B
480,8/10/2017 0:00,2899.42,2909.19,2881.77,2909.19,1628.22,2873.23,2468.34,100.0,46.13,59.73,4.13,H
481,8/10/2017 2:00,2909.19,2909.19,2875.24,2891.02,4326.44,2870.78,2470.88,53.41,40.26,46.32,4.12,B
482,8/10/2017 4:00,2891.02,2905.06,2876.04,2905.06,2330.03,2871.63,2473.53,43.59,50.24,48.49,4.15,B
483,8/10/2017 6:00,2905.06,2934.42,2905.06,2934.42,9013.26,2882.07,2476.27,100.0,58.87,51.36,4.37,B
484,8/10/2017 8:00,2934.42,2949.58,2934.42,2939.5,5591.1,2892.02,2479.09,100.0,60.01,68.75,4.62,H
485,8/10/2017 10:00,2939.5,2948.84,2924.3,2940.4,5211.82,2902.18,2481.91,100.0,55.31,75.32,4.78,H
486,8/10/2017 12:00,2940.4,2950.02,2922.02,2935.01,9420.32,2910.33,2484.64,14.31,58.69,84.86,4.82,B
487,8/10/2017 14:00,2935.01,2992.94,2935.01,2971.19,7338.87,2919.66,2487.57,87.03,87.03,55.01,5.16,H
488,8/10/2017 16:00,2969.79,2971.29,2960.22,2971.19,7998.4,2928.53,2490.54,100.0,86.32,43.13,5.65,H
489,8/10/2017 18:00,2970.49,2979.47,2950.0,2979.47,8156.61,2937.64,2493.54,100.0,87.45,40.27,6.13,H
490,8/10/2017 20:00,2979.47,2979.47,2942.82,2959.0,10287.63,2942.63,2496.41,28.8,77.25,54.11,6.32,H
491,8/10/2017 22:00,2959.0,2968.4,2939.01,2963.78,3895.66,2949.9,2499.65,18.93,74.69,42.78,6.54,H
492,8/11/2017 0:00,2963.78,2968.32,2951.55,2954.23,2991.24,2954.82,2502.88,33.36,70.05,7.03,6.65,B
493,8/11/2017 2:00,2954.23,2979.47,2954.23,2979.47,1798.88,2959.32,2506.49,72.55,72.98,6.52,6.36,B
494,8/11/2017 4:00,2979.47,2999.0,2967.7,2982.08,14162.33,2963.58,2510.27,100.0,70.24,-0.29,6.04,B
495,8/11/2017 6:00,2982.08,3010.0,2982.08,3003.87,14879.41,2969.93,2514.02,100.0,80.72,0.97,5.74,B
496,8/11/2017 8:00,3003.87,3020.0,3003.87,3019.0,12622.7,2978.33,2518.0,100.0,80.83,9.73,5.61,B
497,8/11/2017 10:00,3019.0,3023.31,3017.33,3023.31,10209.35,2983.54,2522.19,100.0,77.83,8.63,5.66,B
498,8/11/2017 12:00,3023.31,3078.82,3015.62,3069.66,12684.7,2993.39,2526.32,100.0,82.38,10.71,6.24,S
499,8/11/2017 14:00,3069.66,3077.05,3051.1,3075.9,10237.62,3003.03,2530.49,100.0,82.84,19.17,6.68,S
500,8/11/2017 16:00,3075.9,3075.9,3032.27,3060.8,6768.31,3013.21,2534.56,29.24,79.11,7.66,6.89,H
501,8/11/2017 18:00,3060.8,3063.0,3050.3,3052.1,3827.08,3022.04,2538.77,0.0,71.46,9.19,6.64,B
502,8/11/2017 20:00,3062.96,3063.0,3049.49,3063.0,4740.96,3032.92,2543.15,55.61,73.02,19.4,6.49,B
503,8/11/2017 22:00,3063.0,3133.05,3063.0,3117.99,10378.22,3046.77,2547.86,100.0,78.14,20.47,7.17,S
504,8/12/2017 0:00,3117.99,3132.39,3102.0,3102.0,12892.53,3058.76,2552.24,77.47,79.58,18.36,7.43,B
505,8/12/2017 2:00,3102.0,3143.63,3102.0,3113.2,3876.66,3069.7,2556.64,41.19,80.11,13.28,7.65,B
506,8/12/2017 4:00,3113.2,3183.96,3113.2,3162.42,10433.81,3084.04,2561.44,100.0,86.17,25.95,8.23,B
507,8/12/2017 6:00,3162.42,3273.57,3162.42,3259.84,9485.79,3107.69,2566.91,100.0,88.95,26.43,10.37,H
508,8/12/2017 8:00,3259.84,3259.84,3184.29,3254.84,23006.14,3126.21,2572.33,95.12,87.64,27.59,11.72,H
509,8/12/2017 10:00,3254.84,3272.9,3250.0,3262.7,7695.87,3144.89,2577.74,61.12,87.14,20.74,12.78,H
510,8/12/2017 12:00,3262.7,3262.8,3238.85,3247.51,2824.44,3163.56,2583.19,34.1,82.79,19.34,13.16,B
511,8/12/2017 14:00,3247.51,3344.9,3222.57,3344.9,17711.03,3192.84,2588.89,86.51,86.42,15.85,14.44,S
512,8/12/2017 16:00,3344.9,3420.46,3200.0,3319.79,19624.28,3218.52,2594.42,79.5,79.76,18.38,14.8,H
513,8/12/2017 18:00,3319.79,3321.9,3280.0,3315.97,11080.19,3238.32,2599.99,0.0,78.72,15.91,14.98,H
514,8/12/2017 20:00,3315.97,3316.7,3221.0,3248.27,13592.48,3252.94,2605.14,0.0,69.92,16.54,14.39,B
515,8/12/2017 22:00,3248.27,3318.0,3248.27,3318.0,2918.73,3273.42,2610.63,50.74,75.01,16.3,14.27,B
516,8/13/2017 0:00,3318.0,3449.0,3317.9,3417.13,44180.12,3298.9,2616.6,100.0,78.57,14.89,15.01,B
517,8/13/2017 2:00,3417.0,3484.9,3380.75,3457.73,6070.89,3318.68,2622.67,100.0,78.06,21.71,15.79,H
518,8/13/2017 4:00,3457.73,3469.95,3401.1,3443.25,9477.9,3337.52,2628.67,73.71,78.26,20.46,16.33,H
519,8/13/2017 6:00,3443.25,3558.31,3440.58,3544.12,10321.93,3365.67,2635.39,87.45,81.07,16.2,17.68,H
520,8/13/2017 8:00,3544.12,3611.38,3516.91,3545.4,16935.22,3395.46,2641.99,100.0,79.66,12.11,18.3,S
521,8/13/2017 10:00,3545.4,3545.4,3365.1,3420.0,18928.81,3402.97,2647.98,1.01,61.89,8.96,17.36,H
522,8/13/2017 12:00,3420.2,3449.81,3281.83,3448.0,25301.62,3415.79,2653.83,18.25,63.87,13.26,16.34,H
523,8/13/2017 14:00,3449.5,3499.5,3382.35,3470.0,11384.97,3431.19,2659.75,100.0,64.58,5.61,15.72,H
524,8/13/2017 16:00,3470.0,3500.0,3419.53,3419.53,6152.91,3448.32,2665.25,30.36,61.53,0.61,14.35,B
525,8/13/2017 18:00,3423.66,3499.9,3423.56,3446.99,3352.18,3461.22,2670.93,35.24,57.55,2.59,12.83,B
526,8/13/2017 20:00,3446.99,3510.74,3427.56,3510.74,11200.47,3470.58,2676.98,100.0,63.36,19.12,11.95,H
527,8/13/2017 22:00,3510.74,3527.2,3493.99,3502.31,3548.17,3475.03,2682.79,88.32,62.95,14.46,11.76,H
528,8/14/2017 0:00,3502.32,3539.9,3502.32,3502.41,3388.54,3480.95,2688.46,1.17,69.5,12.1,11.34,H
529,8/14/2017 2:00,3502.41,3534.64,3460.0,3460.0,6113.05,3472.54,2693.79,0.24,61.37,2.76,10.62,B
530,8/14/2017 4:00,3460.0,3504.15,3460.0,3502.43,6728.17,3468.24,2699.42,50.01,57.51,23.81,9.67,H
531,8/14/2017 6:00,3502.43,3512.31,3477.0,3499.9,10372.83,3476.23,2705.27,94.37,53.98,13.33,9.5,B
532,8/14/2017 8:00,3499.9,3590.0,3499.9,3587.1,13510.93,3490.14,2711.32,97.18,61.94,8.69,9.6,B
533,8/14/2017 10:00,3590.0,3605.0,3577.69,3588.0,20868.5,3501.94,2717.47,100.0,54.37,-16.92,9.41,S
534,8/14/2017 12:00,3588.0,3657.0,3575.0,3652.1,10766.06,3525.2,2723.87,100.0,59.44,-6.76,8.53,S
535,8/14/2017 14:00,3652.1,3711.9,3614.2,3647.47,26315.07,3545.25,2730.19,93.26,75.59,19.86,8.15,H
536,8/14/2017 16:00,3647.47,3705.99,3636.24,3698.0,17328.19,3563.97,2736.82,91.61,76.77,31.54,9.17,H
537,8/14/2017 18:00,3696.8,3698.0,3642.12,3666.86,12253.57,3580.43,2743.51,61.87,70.68,25.41,9.74,H
538,8/14/2017 20:00,3666.1,3697.0,3645.66,3695.8,4495.0,3599.77,2750.33,48.17,80.39,51.03,10.3,H
539,8/14/2017 22:00,3695.8,3698.0,3647.82,3652.0,31152.54,3618.97,2756.81,39.79,71.77,49.91,10.67,H
540,8/15/2017 0:00,3652.0,3700.0,3652.0,3700.0,14316.41,3638.72,2763.52,52.29,70.79,16.85,11.33,H
541,8/15/2017 2:00,3700.0,3784.5,3700.0,3782.0,8709.85,3666.93,2770.88,100.0,76.45,21.31,12.06,S
542,8/15/2017 4:00,3782.0,3784.59,3691.18,3766.81,13308.43,3684.9,2778.17,84.37,74.31,23.76,12.48,S
543,8/15/2017 6:00,3770.0,3772.97,3620.38,3700.0,26454.28,3696.1,2784.94,0.0,71.12,9.59,12.34,H
544,8/15/2017 8:00,3700.0,3702.0,3550.95,3590.0,20159.96,3689.89,2791.23,0.0,56.89,10.95,11.4,H
545,8/15/2017 10:00,3582.2,3609.41,3440.03,3605.99,33303.74,3685.75,2797.57,12.69,58.17,22.61,10.58,H
546,8/15/2017 12:00,3605.99,3605.99,3430.0,3483.3,21437.12,3664.28,2803.33,11.53,42.42,21.29,10.78,H
547,8/15/2017 14:00,3483.3,3489.0,3315.0,3434.0,65570.53,3640.99,2808.9,0.0,39.5,23.6,11.36,B
548,8/15/2017 16:00,3434.0,3542.2,3415.0,3539.98,20344.77,3625.41,2815.0,68.25,42.77,12.16,11.16,H
549,8/15/2017 18:00,3539.98,3600.0,3520.1,3530.0,11472.09,3613.21,2820.99,91.39,42.47,20.51,10.66,H
550,8/15/2017 20:00,3530.0,3597.69,3474.08,3597.69,14875.37,3602.98,2827.48,87.15,43.71,17.39,10.24,H
551,8/15/2017 22:00,3597.69,3645.99,3580.0,3603.11,5582.38,3585.09,2834.07,100.0,45.87,39.0,9.75,H
552,8/16/2017 0:00,3603.11,3622.94,3585.0,3604.16,6403.91,3568.82,2840.6,100.0,43.84,38.97,9.72,H
553,8/16/2017 2:00,3604.16,3604.16,3547.31,3599.0,3578.28,3558.72,2847.13,16.91,46.24,57.02,9.69,H
554,8/16/2017 4:00,3599.0,3601.86,3507.04,3508.19,6819.86,3550.54,2853.17,0.0,37.18,57.44,10.12,B
555,8/16/2017 6:00,3508.19,3612.48,3500.0,3601.38,13979.13,3550.08,2859.39,50.65,38.11,71.9,10.11,H
556,8/16/2017 8:00,3601.38,3642.0,3581.78,3617.0,7219.35,3563.45,2865.77,100.0,40.14,64.81,9.9,H
557,8/16/2017 10:00,3617.0,3635.3,3544.08,3584.14,15826.74,3578.46,2871.82,32.22,42.02,74.24,9.84,B
558,8/16/2017 12:00,3584.14,3604.47,3555.59,3599.31,12465.9,3584.4,2878.19,31.58,50.74,63.62,9.59,B
559,8/16/2017 14:00,3599.31,3730.0,3572.11,3705.12,39570.98,3601.91,2884.97,100.0,56.88,76.04,9.84,H
560,8/16/2017 16:00,3719.0,3791.25,3681.46,3743.65,11360.14,3616.51,2892.03,100.0,70.45,96.99,10.15,H
561,8/16/2017 18:00,3745.16,3745.5,3704.0,3744.14,9726.83,3630.61,2899.11,100.0,76.38,95.05,9.78,H
562,8/16/2017 20:00,3744.14,3795.0,3735.77,3760.1,3397.4,3646.2,2906.25,100.0,72.11,76.4,9.71,S
563,8/16/2017 22:00,3760.1,3760.1,3666.57,3745.49,7350.34,3660.85,2913.25,52.21,71.45,44.54,10.05,H
564,8/17/2017 0:00,3723.49,3770.0,3723.49,3740.2,1733.71,3684.05,2920.29,0.0,66.2,47.03,10.51,H
565,8/17/2017 2:00,3740.2,3746.72,3689.26,3696.83,1711.46,3693.6,2926.94,0.0,59.8,14.16,10.67,H
566,8/17/2017 4:00,3696.83,3740.89,3696.37,3723.45,2608.53,3704.24,2933.61,38.03,61.85,-3.5,10.28,H
567,8/17/2017 6:00,3723.45,3770.1,3723.45,3770.1,11134.49,3722.84,2940.46,100.0,65.7,17.61,9.36,H
568,8/17/2017 8:00,3770.1,3827.93,3740.79,3827.93,25917.86,3745.7,2947.63,100.0,81.22,12.46,9.82,H
569,8/17/2017 10:00,3827.93,3865.0,3820.0,3821.54,11954.56,3757.34,2954.7,90.05,75.89,27.37,9.84,H
570,8/17/2017 12:00,3821.54,3859.79,3821.54,3834.7,7793.48,3766.45,2961.99,67.31,75.75,26.66,10.26,S
571,8/17/2017 14:00,3834.7,3884.51,3777.9,3777.91,21611.15,3769.82,2968.68,18.81,71.69,24.49,10.18,H
572,8/17/2017 16:00,3794.87,3803.25,3709.84,3734.47,17918.28,3767.26,2975.22,0.0,64.23,20.6,9.89,H
573,8/17/2017 18:00,3734.47,3763.52,3666.58,3758.95,23898.2,3768.61,2981.77,36.04,56.84,-8.25,9.55,H
574,8/17/2017 20:00,3758.95,3758.95,3715.0,3724.1,16973.96,3767.0,2988.1,41.26,47.49,8.13,7.96,H
575,8/17/2017 22:00,3724.1,3758.85,3715.0,3732.78,7945.76,3770.59,2994.99,19.94,48.57,7.76,7.3,H
576,8/18/2017 0:00,3732.78,3732.78,3641.55,3688.46,8478.74,3767.09,3001.88,16.38,41.6,-9.67,6.8,H
577,8/18/2017 2:00,3688.46,3688.46,3657.1,3679.9,4110.09,3758.07,3008.64,0.0,42.2,-14.84,5.82,H
578,8/18/2017 4:00,3679.9,3740.11,3672.25,3740.11,5438.81,3749.29,3016.07,87.55,49.99,25.44,4.6,H
579,8/18/2017 6:00,3740.11,3748.71,3704.33,3744.3,8978.91,3741.57,3023.39,100.0,55.44,46.54,4.48,H
580,8/18/2017 8:00,3740.3,3758.95,3709.0,3758.5,14091.59,3733.95,3030.6,100.0,54.14,46.39,4.48,H
581,8/18/2017 10:00,3758.0,3795.34,3727.27,3764.76,8609.38,3732.63,3037.68,100.0,49.3,55.27,4.49,H
582,8/18/2017 12:00,3747.04,3788.06,3708.0,3730.74,9635.18,3732.26,3044.7,15.54,36.48,47.48,4.51,H
583,8/18/2017 14:00,3730.74,3748.22,3690.0,3710.0,15058.57,3727.36,3051.64,0.0,35.08,45.5,4.61,H
584,8/18/2017 16:00,3725.45,3725.45,3646.58,3680.0,11390.14,3722.96,3058.48,0.0,30.2,23.72,4.89,H
585,8/18/2017 18:00,3680.0,3689.0,3575.98,3622.0,22438.68,3711.88,3064.89,0.0,30.11,41.53,5.61,H
586,8/18/2017 20:00,3622.0,3622.0,3500.0,3541.51,39011.13,3697.18,3070.86,0.0,27.51,63.77,7.39,B
587,8/18/2017 22:00,3541.51,3603.0,3501.0,3588.09,17396.53,3688.0,3077.1,36.66,31.06,84.79,8.1,H
588,8/19/2017 0:00,3588.09,3672.43,3588.09,3641.01,3483.49,3678.09,3083.64,100.0,41.15,86.81,7.89,H
589,8/19/2017 2:00,3641.01,3654.77,3606.5,3614.79,5456.47,3665.14,3089.92,66.87,37.88,95.73,7.75,H
590,8/19/2017 4:00,3614.79,3640.5,3575.18,3587.65,9482.51,3648.06,3096.36,0.0,39.26,81.39,7.5,H
591,8/19/2017 6:00,3587.65,3625.0,3493.65,3561.95,19670.81,3627.77,3102.64,0.0,37.88,68.91,7.8,H
592,8/19/2017 8:00,3561.95,3621.1,3559.41,3591.04,7390.59,3613.8,3109.01,53.09,33.64,79.35,7.97,H
593,8/19/2017 10:00,3591.04,3594.0,3497.87,3507.55,9099.52,3593.56,3115.04,25.84,27.87,70.14,8.63,B
594,8/19/2017 12:00,3507.55,3642.95,3505.36,3588.01,14761.98,3584.36,3121.54,49.08,35.82,75.01,8.66,H
595,8/19/2017 14:00,3588.01,3634.61,3528.76,3582.29,9218.98,3580.39,3127.93,93.36,34.81,63.51,8.59,H
596,8/19/2017 16:00,3582.29,3598.82,3547.74,3588.98,11745.29,3585.14,3134.36,53.91,37.64,62.31,8.64,H
597,8/19/2017 18:00,3588.98,3662.03,3571.28,3638.5,13064.2,3590.18,3140.98,100.0,44.06,82.32,8.59,H
598,8/19/2017 20:00,3638.5,3689.0,3613.72,3659.44,6049.35,3592.02,3147.75,100.0,48.27,86.59,8.21,H
599,8/19/2017 22:00,3659.44,3716.0,3645.0,3696.67,13072.81,3600.21,3154.69,100.0,56.52,93.88,7.89,H
600,8/20/2017 0:00,3696.67,3712.2,3645.0,3647.12,6314.68,3606.16,3161.25,42.9,59.76,102.58,7.22,H
601,8/20/2017 2:00,3647.12,3671.71,3647.12,3671.04,3100.36,3617.06,3168.01,32.56,58.0,96.69,6.4,H
602,8/20/2017 4:00,3671.04,3674.75,3646.1,3646.1,1819.94,3622.57,3174.65,48.96,50.52,93.71,5.81,H
603,8/20/2017 6:00,3646.1,3670.75,3634.0,3660.24,8793.84,3637.84,3181.2,36.18,54.75,82.81,5.42,H
604,8/20/2017 8:00,3660.24,3705.63,3620.5,3669.95,17894.28,3646.03,3187.81,100.0,58.92,53.52,5.35,S
605,8/20/2017 10:00,3669.95,3671.37,3580.0,3606.99,11264.85,3648.5,3194.06,13.36,54.52,12.29,5.35,H
606,8/20/2017 12:00,3606.99,3635.0,3590.0,3608.01,8047.8,3650.41,3200.28,1.59,51.8,33.61,5.0,H
607,8/20/2017 14:00,3608.01,3625.17,3595.1,3603.2,8071.08,3646.88,3206.4,17.5,62.21,62.53,4.96,H
608,8/20/2017 16:00,3603.2,3629.45,3551.15,3618.97,13502.19,3642.83,3212.62,76.63,54.74,48.52,4.93,H
609,8/20/2017 18:00,3618.97,3638.88,3611.1,3623.21,4872.13,3635.48,3218.88,100.0,56.29,33.06,4.93,H
610,8/20/2017 20:00,3623.21,3638.0,3622.41,3638.0,696.33,3634.57,3225.24,100.0,57.35,16.95,4.88,H
611,8/20/2017 22:00,3638.0,3638.0,3588.68,3600.74,3165.24,3627.54,3231.38,28.41,44.12,31.52,4.67,H
612,8/21/2017 0:00,3600.74,3620.19,3598.54,3604.92,2190.42,3623.42,3237.41,10.09,41.05,-18.93,4.62,H
613,8/21/2017 2:00,3604.92,3605.08,3589.75,3589.92,555.32,3616.39,3243.26,21.79,31.09,20.41,3.64,H
614,8/21/2017 4:00,3589.92,3604.41,3520.94,3534.81,6210.14,3602.88,3248.85,0.0,30.49,22.34,4.21,H
615,8/21/2017 6:00,3534.81,3549.9,3460.33,3544.74,21016.57,3596.65,3254.34,15.27,26.94,29.56,4.54,H
616,8/21/2017 8:00,3526.65,3605.17,3520.1,3599.02,36275.94,3595.75,3260.14,100.0,42.24,59.47,4.5,H
617,8/21/2017 10:00,3599.02,3612.13,3539.17,3574.78,29076.04,3592.91,3265.84,69.13,36.36,73.58,4.63,H
618,8/21/2017 12:00,3559.0,3582.05,3511.11,3521.51,31391.87,3583.16,3271.28,0.0,29.2,95.27,5.12,H
619,8/21/2017 14:00,3521.51,3550.0,3482.93,3544.03,20115.78,3575.25,3276.77,29.71,40.05,73.6,4.91,H
620,8/21/2017 16:00,3544.03,3544.03,3507.97,3525.0,7611.63,3563.95,3282.09,54.2,37.59,88.57,5.17,H
621,8/21/2017 18:00,3525.0,3541.09,3476.81,3481.7,17478.07,3552.04,3286.39,0.0,33.71,78.0,5.6,H
622,8/21/2017 20:00,3481.7,3529.2,3481.7,3495.76,11418.53,3541.13,3290.67,24.51,33.4,87.06,5.87,H
623,8/21/2017 22:00,3495.76,3499.0,3477.0,3477.0,13673.68,3529.84,3294.82,42.84,31.05,94.64,6.07,H
624,8/22/2017 0:00,3477.0,3482.09,3342.78,3348.66,19967.11,3511.22,3298.06,0.0,21.02,67.97,7.81,B
625,8/22/2017 2:00,3348.66,3386.23,3345.07,3347.7,9225.34,3491.52,3301.54,0.0,22.67,69.34,9.32,B
626,8/22/2017 4:00,3347.7,3358.66,3150.0,3259.93,37893.12,3457.61,3304.47,0.0,18.44,68.63,11.65,B
627,8/22/2017 6:00,3260.0,3377.81,3260.0,3343.62,29029.25,3434.49,3307.65,48.81,29.98,74.21,12.38,B
628,8/22/2017 8:00,3343.62,3444.76,3328.19,3424.79,13126.59,3424.82,3310.91,100.0,41.42,77.73,12.27,B
629,8/22/2017 10:00,3424.79,3452.0,3422.79,3449.0,13340.78,3415.32,3314.38,100.0,42.7,84.2,11.94,H
630,8/22/2017 12:00,3449.0,3515.98,3440.03,3475.59,14557.87,3410.38,3317.92,100.0,40.17,78.74,11.33,H
631,8/22/2017 14:00,3475.59,3479.92,3406.46,3431.98,28605.13,3405.4,3321.32,37.88,38.97,82.95,11.01,B
632,8/22/2017 16:00,3437.0,3531.5,3436.7,3481.37,18935.53,3403.96,3324.96,53.11,46.88,82.22,10.49,B
633,8/22/2017 18:00,3481.37,3621.99,3481.37,3582.59,17830.3,3414.52,3329.28,100.0,52.67,67.29,10.43,H
634,8/22/2017 20:00,3582.59,3582.59,3497.29,3534.8,11254.74,3433.14,3333.36,67.93,50.65,70.03,10.43,H
635,8/22/2017 22:00,3534.86,3534.86,3437.27,3504.01,7777.64,3448.77,3337.38,0.0,51.51,86.08,10.29,H
636,8/23/2017 0:00,3504.01,3540.66,3476.79,3540.66,2566.24,3476.84,3341.55,54.34,52.95,81.35,9.89,H
637,8/23/2017 2:00,3540.66,3556.55,3521.97,3544.7,101.58,3496.95,3345.75,100.0,54.54,66.6,9.7,H
638,8/23/2017 4:00,3544.7,3552.39,3493.0,3538.8,4852.84,3508.35,3349.86,40.64,65.24,72.86,9.77,H
639,8/23/2017 6:00,3538.8,3585.54,3538.0,3585.54,7958.0,3522.0,3354.09,88.79,67.76,66.16,10.05,H
640,8/23/2017 8:00,3567.52,3630.0,3533.0,3616.0,58481.36,3536.04,3358.42,100.0,79.08,52.29,10.65,H
641,8/23/2017 10:00,3615.6,3639.09,3592.0,3630.28,15515.23,3555.88,3362.74,100.0,76.4,53.82,11.37,S
642,8/23/2017 12:00,3628.28,3639.08,3594.0,3614.84,12235.08,3569.22,3367.02,48.05,69.92,47.68,11.86,H
643,8/23/2017 14:00,3614.84,3630.16,3593.58,3630.16,8198.03,3573.98,3371.43,49.8,69.35,16.36,12.39,H
644,8/23/2017 16:00,3630.16,3633.48,3597.25,3608.88,11542.26,3581.39,3375.86,41.86,64.4,12.15,12.02,H
645,8/23/2017 18:00,3608.88,3608.88,3552.41,3569.01,23722.51,3587.89,3380.02,0.0,64.92,-15.13,11.28,H
646,8/23/2017 20:00,3569.01,3569.01,3530.0,3544.0,19444.64,3588.22,3384.02,0.0,57.2,-10.25,8.88,B
647,8/23/2017 22:00,3544.0,3599.97,3544.0,3576.11,1508.14,3591.36,3388.1,56.21,49.11,4.09,7.34,B
648,8/24/2017 0:00,3576.11,3600.0,3559.87,3600.0,6528.04,3597.48,3392.3,100.0,59.54,6.44,6.72,H
649,8/24/2017 2:00,3600.0,3600.0,3562.09,3586.18,7563.58,3597.55,3396.19,63.35,62.65,11.56,6.15,B
650,8/24/2017 4:00,3579.18,3600.0,3569.54,3600.0,3564.78,3595.95,3399.79,0.5,59.83,-14.85,5.8,H
651,8/24/2017 6:00,3600.0,3646.4,3587.24,3642.0,8437.65,3597.12,3403.7,100.0,64.31,-4.39,4.89,S
652,8/24/2017 8:00,3642.0,3657.02,3598.0,3637.33,26845.52,3599.37,3407.6,89.99,64.54,48.92,4.42,H
653,8/24/2017 10:00,3637.33,3652.37,3599.03,3635.0,7253.02,3599.85,3411.57,0.0,58.4,18.35,4.59,H
654,8/24/2017 12:00,3635.0,3635.0,3586.7,3591.0,22586.43,3598.06,3415.21,0.0,45.94,-4.53,4.38,B
655,8/24/2017 14:00,3591.0,3655.9,3591.0,3602.0,30193.78,3601.36,3418.82,20.0,45.36,10.05,3.76,B
656,8/24/2017 16:00,3633.47,3660.66,3618.1,3645.81,6379.91,3611.54,3422.65,100.0,54.65,8.32,3.68,H
657,8/24/2017 18:00,3645.8,3652.5,3623.74,3642.5,5380.71,3618.18,3426.38,92.98,51.92,-2.0,3.52,B
658,8/24/2017 20:00,3642.5,3645.5,3630.26,3645.0,3302.54,3622.68,3430.11,43.03,55.98,28.73,3.2,B
659,8/24/2017 22:00,3645.0,3700.0,3645.0,3691.83,7285.68,3633.25,3433.93,100.0,69.87,50.45,3.71,H
660,8/25/2017 0:00,3691.83,3703.25,3691.83,3703.25,2036.19,3643.57,3437.86,100.0,76.94,56.77,4.29,H
661,8/25/2017 2:00,3703.25,3705.0,3699.9,3705.0,2222.81,3649.87,3441.88,100.0,74.31,45.0,4.77,H
662,8/25/2017 4:00,3705.0,3738.85,3672.6,3705.08,3545.5,3656.65,3445.99,100.0,71.77,51.15,5.17,H
663,8/25/2017 6:00,3705.08,3739.9,3685.58,3739.9,2105.4,3667.14,3450.25,100.0,79.3,38.42,5.85,H
664,8/25/2017 8:00,3739.9,3762.24,3715.5,3745.04,6581.12,3682.54,3454.51,100.0,78.59,19.42,6.4,H
665,8/25/2017 10:00,3745.04,3759.11,3741.27,3749.99,8141.06,3697.34,3458.67,100.0,74.93,6.56,6.65,S
666,8/25/2017 12:00,3749.99,3749.99,3720.15,3729.08,3165.65,3705.67,3462.67,19.14,69.7,14.3,6.32,H
667,8/25/2017 14:00,3729.08,3780.0,3729.08,3780.0,5965.38,3719.42,3466.85,70.89,75.76,21.51,6.58,H
668,8/25/2017 16:00,3780.0,3808.15,3760.01,3798.38,6824.19,3734.76,3471.32,100.0,90.53,14.2,7.03,S
669,8/25/2017 18:00,3798.38,3798.38,3700.0,3700.0,13386.4,3735.57,3475.38,15.74,64.28,15.38,6.62,H
670,8/25/2017 20:00,3685.51,3736.0,3685.51,3728.78,4293.69,3738.12,3479.59,22.63,62.64,29.06,6.32,H
671,8/25/2017 22:00,3728.78,3728.79,3725.23,3728.69,2909.57,3740.49,3483.65,99.69,63.26,24.94,6.25,H
672,8/26/2017 0:00,3728.69,3763.5,3682.0,3682.0,6552.54,3738.19,3487.58,0.0,55.01,22.23,6.08,H
673,8/26/2017 2:00,3682.0,3715.54,3682.0,3688.34,2023.41,3733.03,3491.87,11.96,49.47,-0.22,5.87,H
674,8/26/2017 4:00,3688.34,3698.12,3682.2,3690.0,600.01,3727.53,3496.12,100.0,47.92,-3.68,5.18,H
675,8/26/2017 6:00,3690.0,3731.0,3690.0,3723.4,3151.17,3724.87,3500.54,100.0,52.62,10.67,4.47,H
676,8/26/2017 8:00,3735.0,3753.9,3675.94,3700.75,11035.0,3722.03,3504.78,59.59,49.42,3.88,4.17,H
677,8/26/2017 10:00,3700.75,3731.68,3674.78,3693.26,3939.85,3713.36,3508.86,0.0,43.26,-0.61,3.8,H
678,8/26/2017 12:00,3693.26,3700.79,3662.25,3685.6,2269.77,3702.08,3512.87,0.0,41.47,29.2,3.44,H
679,8/26/2017 14:00,3685.6,3715.01,3674.01,3699.96,3651.1,3702.08,3516.93,65.21,43.01,37.7,3.4,H
680,8/26/2017 16:00,3699.96,3711.86,3676.41,3690.77,4242.02,3698.28,3520.84,60.98,44.46,39.72,3.45,H
681,8/26/2017 18:00,3690.77,3699.9,3688.81,3694.5,3443.78,3694.86,3524.86,28.87,35.69,40.28,3.49,H
682,8/26/2017 20:00,3694.5,3695.96,3694.0,3694.0,1227.61,3696.06,3528.8,88.18,31.42,67.4,3.52,H
683,8/26/2017 22:00,3694.0,3710.0,3694.0,3710.0,1270.08,3698.22,3532.68,96.97,52.52,72.76,3.48,H
684,8/27/2017 0:00,3710.0,3717.0,3708.41,3717.0,3314.67,3700.92,3536.57,100.0,46.67,78.33,3.4,H
685,8/27/2017 2:00,3717.0,3750.0,3708.37,3736.99,2493.2,3702.28,3540.55,100.0,52.11,62.54,3.33,H
686,8/27/2017 4:00,3736.99,3739.84,3710.01,3710.01,5471.44,3703.21,3544.42,42.56,57.91,104.86,3.31,H
687,8/27/2017 6:00,3710.01,3741.68,3710.01,3741.68,5699.12,3708.05,3548.28,54.0,63.18,130.33,2.94,H
688,8/27/2017 8:00,3741.68,3741.68,3720.1,3730.0,5159.73,3712.49,3552.07,73.06,59.42,40.22,2.01,H
689,8/27/2017 10:00,3730.0,3730.0,3695.84,3728.64,6860.64,3715.36,3555.82,0.0,51.45,76.21,2.06,H
690,8/27/2017 12:00,3728.64,3728.64,3698.0,3714.34,2277.11,3717.72,3559.59,0.0,53.95,77.81,2.01,H
691,8/27/2017 14:00,3714.34,3714.34,3698.0,3714.22,4143.35,3719.69,3563.34,0.0,56.37,14.96,1.95,H
692,8/27/2017 16:00,3714.22,3714.22,3700.22,3700.22,2155.76,3720.31,3567.07,0.0,54.28,21.03,1.85,H
693,8/27/2017 18:00,3700.22,3714.19,3698.0,3714.19,4445.73,3720.73,3570.75,49.95,54.17,20.51,1.78,H
694,8/27/2017 20:00,3714.19,3714.19,3699.14,3699.67,1835.23,3719.0,3574.34,49.03,52.53,70.94,1.73,H
695,8/27/2017 22:00,3699.67,3712.26,3650.82,3667.88,8454.84,3712.08,3577.66,0.0,43.47,41.19,1.97,H
696,8/28/2017 0:00,3667.88,3688.04,3651.34,3651.43,9526.86,3706.23,3580.82,0.0,40.32,37.03,2.39,H
697,8/28/2017 2:00,3670.1,3670.1,3650.83,3660.17,437.96,3698.08,3584.0,34.7,38.28,31.91,2.61,H
698,8/28/2017 4:00,3660.17,3660.17,3550.45,3619.44,23924.66,3687.02,3586.75,17.67,30.19,50.17,3.29,B
699,8/28/2017 6:00,3619.44,3654.25,3601.09,3654.25,7154.3,3679.58,3589.64,46.08,34.16,44.77,3.47,B
700,8/28/2017 8:00,3654.25,3686.34,3627.39,3686.34,13378.5,3676.78,3592.77,100.0,45.55,47.86,3.47,H
701,8/28/2017 10:00,3686.34,3705.0,3665.44,3699.99,7380.62,3675.36,3596.01,100.0,41.6,47.26,3.47,H
702,8/28/2017 12:00,3698.89,3698.9,3661.63,3681.71,8564.38,3673.51,3599.1,42.75,40.52,60.13,3.49,H
703,8/28/2017 14:00,3681.71,3686.86,3650.71,3663.25,16663.97,3668.41,3601.83,0.0,37.98,67.0,3.57,B
704,8/28/2017 16:00,3663.25,3679.0,3650.0,3675.13,10235.01,3665.96,3604.7,39.16,42.73,83.92,3.55,H
705,8/28/2017 18:00,3675.13,3692.8,3654.4,3688.28,10136.85,3668.0,3607.57,100.0,45.41,66.05,3.37,H
706,8/28/2017 20:00,3681.82,3692.8,3668.31,3685.0,8824.11,3671.36,3610.18,80.04,47.2,93.0,3.33,H
707,8/28/2017 22:00,3685.0,3700.0,3685.0,3700.0,2391.07,3675.34,3612.39,82.06,47.4,88.25,3.07,H
708,8/29/2017 0:00,3700.0,3700.0,3690.52,3690.62,1250.09,3682.46,3614.56,61.53,48.31,91.53,2.87,H
709,8/29/2017 2:00,3690.62,3710.0,3690.62,3710.0,960.53,3688.03,3616.8,67.39,58.25,80.42,2.72,H
710,8/29/2017 4:00,3710.0,3710.0,3693.77,3696.03,6117.27,3689.0,3619.04,58.11,58.82,82.31,2.63,H
711,8/29/2017 6:00,3696.03,3707.98,3659.54,3682.12,9455.45,3687.21,3620.73,0.0,54.25,70.5,2.51,H
712,8/29/2017 8:00,3682.12,3692.8,3646.15,3651.88,15331.49,3684.23,3622.39,0.0,56.55,87.52,2.56,B
713,8/29/2017 10:00,3651.92,3690.0,3649.87,3672.32,10966.37,3685.14,3624.17,40.33,53.88,75.97,2.4,B
714,8/29/2017 12:00,3672.32,3800.0,3672.32,3795.1,20488.69,3697.14,3626.91,100.0,66.79,40.02,3.72,H
715,8/29/2017 14:00,3795.0,3800.0,3705.2,3799.9,37229.63,3708.3,3629.32,100.0,65.86,28.67,4.67,H
716,8/29/2017 16:00,3799.9,3800.0,3718.13,3788.01,10259.11,3718.6,3631.17,28.76,67.23,31.69,5.14,H
717,8/29/2017 18:00,3788.01,3800.0,3726.0,3800.0,24002.19,3728.6,3632.88,50.21,72.63,10.46,5.64,S
718,8/29/2017 20:00,3800.0,3823.66,3727.09,3810.21,34312.21,3740.56,3634.72,100.0,72.48,23.35,5.79,S
719,8/29/2017 22:00,3810.21,3825.15,3810.21,3825.15,3694.46,3752.07,3636.12,100.0,72.64,35.36,6.19,B
720,8/30/2017 0:00,3825.15,3825.15,3750.0,3825.15,3040.75,3764.98,3637.52,100.0,73.44,39.03,6.6,B
721,8/30/2017 2:00,3825.15,3825.15,3825.15,3825.15,534.16,3779.29,3639.55,0.5,72.04,30.15,6.96,B
722,8/30/2017 4:00,3825.15,3860.6,3825.15,3850.24,9828.67,3799.12,3641.56,100.0,76.64,21.46,7.34,H
723,8/30/2017 6:00,3850.24,3879.13,3832.42,3844.47,10832.32,3816.34,3643.43,81.3,73.51,22.9,7.44,H
724,8/30/2017 8:00,3844.47,3863.0,3825.15,3831.69,20697.42,3820.0,3645.49,0.0,73.81,24.76,7.41,H
725,8/30/2017 10:00,3831.69,3845.77,3759.67,3825.8,12038.55,3822.59,3647.38,0.0,75.95,20.89,7.34,B
726,8/30/2017 12:00,3825.8,3866.92,3792.2,3866.92,16262.56,3830.48,3649.16,87.47,87.37,23.35,7.41,H
727,8/30/2017 14:00,3866.92,3866.92,3848.87,3855.0,2712.27,3835.98,3650.93,77.53,82.72,17.17,7.38,H
728,8/30/2017 16:00,3855.0,3897.56,3855.0,3862.0,9351.59,3841.16,3652.73,37.0,70.47,20.48,7.22,H
729,8/30/2017 18:00,3862.0,3890.0,3851.1,3852.03,6854.15,3843.84,3654.69,41.25,65.46,11.96,7.06,B
730,8/30/2017 20:00,3852.03,3886.56,3840.0,3882.8,6256.16,3849.61,3656.59,75.53,75.28,1.87,6.83,S
731,8/30/2017 22:00,3882.8,3882.8,3848.02,3880.0,3921.89,3855.1,3658.49,91.66,72.44,-19.09,6.27,B
732,8/31/2017 0:00,3880.0,3889.74,3869.68,3880.08,485.97,3858.08,3659.95,2.78,70.78,-33.09,4.91,B
733,8/31/2017 2:00,3880.08,3889.9,3880.08,3889.9,1515.44,3862.62,3661.46,100.0,69.86,14.89,3.29,B
734,8/31/2017 4:00,3889.9,3900.0,3887.05,3900.0,2746.68,3869.45,3662.7,100.0,71.62,15.56,3.39,B
735,8/31/2017 6:00,3900.0,3923.82,3890.91,3905.56,8410.77,3877.43,3663.99,100.0,72.5,3.65,3.47,B
736,8/31/2017 8:00,3905.56,3920.56,3905.56,3918.9,9414.5,3882.63,3665.1,100.0,70.57,7.77,3.47,B
737,8/31/2017 10:00,3918.9,3969.0,3911.46,3968.9,8473.96,3894.02,3666.61,100.0,79.46,15.12,4.06,B
738,8/31/2017 12:00,3968.9,4000.0,3968.21,3999.99,15365.13,3907.82,3668.13,100.0,86.67,23.99,4.89,S
739,8/31/2017 14:00,3999.99,4000.0,3979.0,3996.0,17854.5,3922.21,3669.85,88.63,87.4,22.75,5.47,B
740,8/31/2017 16:00,3996.0,4008.0,3994.92,4004.99,4134.31,3934.43,3671.37,69.26,85.32,21.08,5.94,S
741,8/31/2017 18:00,4004.99,4031.19,3997.02,4019.9,11342.89,3948.42,3672.56,100.0,91.55,29.29,6.38,H
742,8/31/2017 20:00,4019.9,4040.51,4010.3,4034.08,8423.31,3963.82,3673.9,100.0,91.85,25.39,6.91,S
743,8/31/2017 22:00,4034.08,4034.08,4012.62,4013.0,2541.47,3976.13,3675.46,40.22,87.14,18.36,7.07,H
744,9/1/2017 0:00,4013.0,4014.0,3998.0,3998.99,15753.75,3986.03,3677.51,0.0,79.05,12.65,6.95,B
745,9/1/2017 2:00,3998.99,3999.0,3994.92,3999.0,3790.93,3995.38,3679.47,0.07,80.18,23.5,6.66,B
746,9/1/2017 4:00,3999.0,4000.0,3995.02,4000.0,7870.82,4003.48,3682.06,100.0,80.27,16.07,6.58,B
747,9/1/2017 6:00,3994.92,4008.0,3987.14,4008.0,14191.82,4007.4,3684.93,100.0,80.09,14.77,6.37,H
748,9/1/2017 8:00,4008.0,4038.0,3933.4,4024.69,59900.83,4009.86,3687.35,100.0,80.73,6.49,6.2,H
749,9/1/2017 10:00,4024.69,4065.0,4022.02,4056.27,6639.33,4015.89,3689.98,100.0,82.92,13.84,6.01,H
750,9/1/2017 12:00,4062.17,4115.91,4052.0,4094.21,23516.2,4024.81,3692.47,100.0,84.58,9.97,6.25,S
751,9/1/2017 14:00,4094.21,4120.27,4070.1,4092.29,12435.92,4032.05,3694.91,95.18,80.04,5.89,6.26,H
752,9/1/2017 16:00,4092.29,4110.25,4092.29,4109.51,5303.02,4039.6,3697.44,89.97,78.59,5.06,6.22,S
753,9/1/2017 18:00,4109.51,4130.0,4096.16,4111.94,6397.76,4049.49,3700.0,100.0,80.52,3.77,6.08,S
754,9/1/2017 20:00,4111.94,4175.12,4111.94,4149.09,8843.62,4064.5,3703.21,100.0,83.03,1.87,6.18,S
755,9/1/2017 22:00,4149.09,4163.0,4130.01,4163.0,5021.95,4080.9,3706.02,100.0,82.95,2.48,6.21,S
756,9/2/2017 0:00,4176.76,4200.0,4169.1,4199.95,10060.98,4100.9,3708.93,100.0,84.57,18.46,6.52,S
757,9/2/2017 2:00,4199.95,4200.0,4125.0,4139.56,11051.47,4114.05,3711.71,37.96,72.66,26.89,6.47,H
758,9/2/2017 4:00,4139.56,4158.99,3955.0,4024.09,24219.24,4113.99,3713.83,0.0,53.3,24.55,6.38,H
759,9/2/2017 6:00,3990.0,4097.97,3987.0,4058.3,13856.96,4114.19,3715.6,22.86,57.15,26.12,6.19,H
760,9/2/2017 8:00,4058.3,4058.58,3965.0,4002.96,17952.74,4105.07,3716.89,38.2,50.32,32.12,6.2,H
761,9/2/2017 10:00,4002.96,4070.0,3980.0,4070.0,15444.48,4102.84,3718.52,54.78,55.87,36.57,6.11,H
762,9/2/2017 12:00,4070.0,4070.0,3979.13,4019.0,7953.49,4093.79,3719.82,56.79,49.49,28.56,6.16,H
763,9/2/2017 14:00,4019.0,4019.0,3895.0,3931.62,12715.63,4075.76,3720.75,0.0,39.92,26.82,6.76,H
764,9/2/2017 16:00,3931.62,3995.0,3910.34,3952.76,6557.67,4056.12,3721.81,19.48,38.24,28.59,7.05,H
765,9/2/2017 18:00,3952.76,3979.0,3945.37,3960.0,3310.27,4035.82,3723.13,100.0,39.1,30.25,7.28,H
766,9/2/2017 20:00,3960.0,3979.0,3900.93,3900.93,7761.38,4005.92,3724.01,10.92,33.92,35.98,7.99,B
767,9/2/2017 22:00,3900.93,3986.0,3900.0,3976.0,11445.98,3989.57,3725.04,55.96,40.58,41.75,8.12,H
768,9/3/2017 0:00,3976.0,4059.86,3976.0,4032.9,6761.39,3990.45,3726.07,100.0,42.16,51.23,8.1,H
769,9/3/2017 2:00,4021.41,4033.02,4019.81,4019.82,2017.68,3986.6,3727.06,81.31,40.33,63.29,8.14,H
770,9/3/2017 4:00,4019.82,4098.48,4019.82,4078.5,10686.06,3994.15,3728.28,81.77,42.03,63.01,8.1,S
771,9/3/2017 6:00,4078.5,4081.88,4019.8,4019.8,4221.82,3989.13,3729.49,49.99,42.12,69.45,8.07,H
772,9/3/2017 8:00,4019.8,4050.0,3948.96,3986.59,10185.9,3985.89,3730.75,0.0,47.23,72.19,8.04,H
773,9/3/2017 10:00,3986.59,4000.0,3931.0,3987.49,6990.38,3991.48,3731.89,2.64,44.51,86.0,7.95,H
774,9/3/2017 12:00,3973.93,3998.0,3880.0,3880.0,11328.23,3984.2,3732.67,0.83,41.18,93.37,8.19,H
775,9/3/2017 14:00,3880.0,3966.77,3880.0,3903.0,12815.11,3978.5,3733.52,17.63,37.21,110.96,7.89,H
776,9/3/2017 16:00,3903.0,3952.57,3882.0,3945.0,8877.9,3982.91,3734.8,100.0,44.25,105.17,6.59,H
777,9/3/2017 18:00,3945.0,3945.0,3916.76,3944.84,5167.85,3979.79,3736.13,99.62,51.19,67.29,5.72,H
778,9/3/2017 20:00,3944.84,3984.34,3909.77,3984.34,4754.24,3974.94,3737.35,99.6,52.75,83.62,5.65,H
779,9/3/2017 22:00,3984.34,3998.0,3961.94,3961.94,3141.71,3969.15,3738.44,63.81,50.16,61.73,5.38,H
780,9/4/2017 0:00,3971.91,3979.18,3935.1,3935.11,1034.91,3954.81,3739.32,0.0,53.06,94.27,5.43,H
781,9/4/2017 2:00,3935.11,3998.0,3935.11,3948.28,6760.44,3947.66,3740.24,32.92,47.21,75.68,4.97,H
782,9/4/2017 4:00,3957.05,3971.45,3930.1,3935.1,5472.66,3942.51,3741.26,49.98,39.19,33.13,4.87,H
783,9/4/2017 6:00,3935.1,3941.91,3851.05,3853.01,27402.24,3929.06,3741.98,0.0,34.0,46.52,5.45,H
784,9/4/2017 8:00,3853.01,3910.55,3783.41,3850.0,45622.69,3926.06,3742.83,0.0,25.46,52.05,6.0,H
785,9/4/2017 10:00,3850.0,3900.0,3812.73,3861.0,18823.04,3921.86,3744.02,78.52,31.0,30.43,6.37,H
786,9/4/2017 12:00,3850.01,3860.98,3827.56,3840.81,17237.68,3911.44,3745.52,35.27,32.0,60.8,6.76,H
787,9/4/2017 14:00,3840.81,3859.33,3760.5,3799.95,63426.73,3896.95,3746.58,0.0,28.92,81.96,7.51,H
788,9/4/2017 16:00,3799.95,3830.38,3660.0,3660.0,55391.63,3864.52,3746.67,0.0,26.96,76.81,9.52,B
789,9/4/2017 18:00,3660.0,3934.54,3660.0,3831.13,30166.45,3851.44,3747.75,55.01,44.25,95.61,9.43,H
790,9/4/2017 20:00,3831.13,3883.44,3781.37,3880.0,20286.19,3845.93,3749.22,100.0,44.86,85.8,8.55,H
791,9/4/2017 22:00,3880.0,3880.0,3769.24,3774.55,11239.29,3828.56,3750.28,31.67,38.46,79.68,8.53,H
792,9/5/2017 0:00,3774.55,3790.31,3700.0,3700.0,23903.3,3805.04,3750.82,0.0,31.6,81.75,9.25,H
793,9/5/2017 2:00,3700.0,3715.65,3657.2,3680.11,15646.87,3787.76,3751.69,0.0,31.7,55.67,9.87,B
794,9/5/2017 4:00,3680.11,3721.5,3656.0,3721.16,18807.85,3774.87,3752.35,67.36,36.36,63.16,10.37,B
795,9/5/2017 6:00,3687.79,3840.93,3667.47,3838.0,16779.16,3772.57,3753.63,100.0,43.79,74.68,10.3,H
796,9/5/2017 8:00,3838.0,3859.82,3752.31,3793.03,18183.97,3767.79,3754.65,72.21,42.28,77.13,10.1,B
797,9/5/2017 10:00,3793.03,3879.03,3793.03,3866.45,19831.62,3774.44,3755.79,62.02,50.74,89.52,9.81,H
798,9/5/2017 12:00,3873.09,3968.57,3854.13,3946.24,24729.36,3803.07,3757.22,100.0,54.87,85.12,9.52,S
799,9/5/2017 14:00,3946.24,3946.24,3810.2,3821.09,26754.1,3802.06,3757.85,38.93,48.19,81.47,9.0,B
